,filename,video,label,label_str
0,NCOVID clips/10.20.22 hrs __0002116/10_0.jpg,0,1,NCOVID
1,NCOVID clips/10.20.22 hrs __0002116/10_1.jpg,0,1,NCOVID
2,NCOVID clips/10.20.22 hrs __0002116/10_10.jpg,0,1,NCOVID
3,NCOVID clips/10.20.22 hrs __0002116/10_11.jpg,0,1,NCOVID
4,NCOVID clips/10.20.22 hrs __0002116/10_12.jpg,0,1,NCOVID
5,NCOVID clips/10.20.22 hrs __0002116/10_13.jpg,0,1,NCOVID
6,NCOVID clips/10.20.22 hrs __0002116/10_14.jpg,0,1,NCOVID
7,NCOVID clips/10.20.22 hrs __0002116/10_15.jpg,0,1,NCOVID
8,NCOVID clips/10.20.22 hrs __0002116/10_16.jpg,0,1,NCOVID
9,NCOVID clips/10.20.22 hrs __0002116/10_17.jpg,0,1,NCOVID
10,NCOVID clips/10.20.22 hrs __0002116/10_18.jpg,0,1,NCOVID
11,NCOVID clips/10.20.22 hrs __0002116/10_19.jpg,0,1,NCOVID
12,NCOVID clips/10.20.22 hrs __0002116/10_2.jpg,0,1,NCOVID
13,NCOVID clips/10.20.22 hrs __0002116/10_20.jpg,0,1,NCOVID
14,NCOVID clips/10.20.22 hrs __0002116/10_21.jpg,0,1,NCOVID
15,NCOVID clips/10.20.22 hrs __0002116/10_22.jpg,0,1,NCOVID
16,NCOVID clips/10.20.22 hrs __0002116/10_23.jpg,0,1,NCOVID
17,NCOVID clips/10.20.22 hrs __0002116/10_24.jpg,0,1,NCOVID
18,NCOVID clips/10.20.22 hrs __0002116/10_25.jpg,0,1,NCOVID
19,NCOVID clips/10.20.22 hrs __0002116/10_26.jpg,0,1,NCOVID
20,NCOVID clips/10.20.22 hrs __0002116/10_27.jpg,0,1,NCOVID
21,NCOVID clips/10.20.22 hrs __0002116/10_28.jpg,0,1,NCOVID
22,NCOVID clips/10.20.22 hrs __0002116/10_29.jpg,0,1,NCOVID
23,NCOVID clips/10.20.22 hrs __0002116/10_3.jpg,0,1,NCOVID
24,NCOVID clips/10.20.22 hrs __0002116/10_30.jpg,0,1,NCOVID
25,NCOVID clips/10.20.22 hrs __0002116/10_31.jpg,0,1,NCOVID
26,NCOVID clips/10.20.22 hrs __0002116/10_32.jpg,0,1,NCOVID
27,NCOVID clips/10.20.22 hrs __0002116/10_33.jpg,0,1,NCOVID
28,NCOVID clips/10.20.22 hrs __0002116/10_34.jpg,0,1,NCOVID
29,NCOVID clips/10.20.22 hrs __0002116/10_35.jpg,0,1,NCOVID
30,NCOVID clips/10.20.22 hrs __0002116/10_36.jpg,0,1,NCOVID
31,NCOVID clips/10.20.22 hrs __0002116/10_37.jpg,0,1,NCOVID
32,NCOVID clips/10.20.22 hrs __0002116/10_38.jpg,0,1,NCOVID
33,NCOVID clips/10.20.22 hrs __0002116/10_39.jpg,0,1,NCOVID
34,NCOVID clips/10.20.22 hrs __0002116/10_4.jpg,0,1,NCOVID
35,NCOVID clips/10.20.22 hrs __0002116/10_40.jpg,0,1,NCOVID
36,NCOVID clips/10.20.22 hrs __0002116/10_41.jpg,0,1,NCOVID
37,NCOVID clips/10.20.22 hrs __0002116/10_42.jpg,0,1,NCOVID
38,NCOVID clips/10.20.22 hrs __0002116/10_43.jpg,0,1,NCOVID
39,NCOVID clips/10.20.22 hrs __0002116/10_44.jpg,0,1,NCOVID
40,NCOVID clips/10.20.22 hrs __0002116/10_45.jpg,0,1,NCOVID
41,NCOVID clips/10.20.22 hrs __0002116/10_46.jpg,0,1,NCOVID
42,NCOVID clips/10.20.22 hrs __0002116/10_47.jpg,0,1,NCOVID
43,NCOVID clips/10.20.22 hrs __0002116/10_48.jpg,0,1,NCOVID
44,NCOVID clips/10.20.22 hrs __0002116/10_49.jpg,0,1,NCOVID
45,NCOVID clips/10.20.22 hrs __0002116/10_5.jpg,0,1,NCOVID
46,NCOVID clips/10.20.22 hrs __0002116/10_50.jpg,0,1,NCOVID
47,NCOVID clips/10.20.22 hrs __0002116/10_51.jpg,0,1,NCOVID
48,NCOVID clips/10.20.22 hrs __0002116/10_52.jpg,0,1,NCOVID
49,NCOVID clips/10.20.22 hrs __0002116/10_53.jpg,0,1,NCOVID
50,NCOVID clips/10.20.22 hrs __0002116/10_54.jpg,0,1,NCOVID
51,NCOVID clips/10.20.22 hrs __0002116/10_55.jpg,0,1,NCOVID
52,NCOVID clips/10.20.22 hrs __0002116/10_56.jpg,0,1,NCOVID
53,NCOVID clips/10.20.22 hrs __0002116/10_57.jpg,0,1,NCOVID
54,NCOVID clips/10.20.22 hrs __0002116/10_58.jpg,0,1,NCOVID
55,NCOVID clips/10.20.22 hrs __0002116/10_59.jpg,0,1,NCOVID
56,NCOVID clips/10.20.22 hrs __0002116/10_6.jpg,0,1,NCOVID
57,NCOVID clips/10.20.22 hrs __0002116/10_7.jpg,0,1,NCOVID
58,NCOVID clips/10.20.22 hrs __0002116/10_8.jpg,0,1,NCOVID
59,NCOVID clips/10.20.22 hrs __0002116/10_9.jpg,0,1,NCOVID
60,NCOVID clips/10.23.33 hrs __0002118/10_0.jpg,1,1,NCOVID
61,NCOVID clips/10.23.33 hrs __0002118/10_1.jpg,1,1,NCOVID
62,NCOVID clips/10.23.33 hrs __0002118/10_10.jpg,1,1,NCOVID
63,NCOVID clips/10.23.33 hrs __0002118/10_11.jpg,1,1,NCOVID
64,NCOVID clips/10.23.33 hrs __0002118/10_12.jpg,1,1,NCOVID
65,NCOVID clips/10.23.33 hrs __0002118/10_13.jpg,1,1,NCOVID
66,NCOVID clips/10.23.33 hrs __0002118/10_14.jpg,1,1,NCOVID
67,NCOVID clips/10.23.33 hrs __0002118/10_15.jpg,1,1,NCOVID
68,NCOVID clips/10.23.33 hrs __0002118/10_16.jpg,1,1,NCOVID
69,NCOVID clips/10.23.33 hrs __0002118/10_17.jpg,1,1,NCOVID
70,NCOVID clips/10.23.33 hrs __0002118/10_18.jpg,1,1,NCOVID
71,NCOVID clips/10.23.33 hrs __0002118/10_19.jpg,1,1,NCOVID
72,NCOVID clips/10.23.33 hrs __0002118/10_2.jpg,1,1,NCOVID
73,NCOVID clips/10.23.33 hrs __0002118/10_20.jpg,1,1,NCOVID
74,NCOVID clips/10.23.33 hrs __0002118/10_21.jpg,1,1,NCOVID
75,NCOVID clips/10.23.33 hrs __0002118/10_22.jpg,1,1,NCOVID
76,NCOVID clips/10.23.33 hrs __0002118/10_23.jpg,1,1,NCOVID
77,NCOVID clips/10.23.33 hrs __0002118/10_24.jpg,1,1,NCOVID
78,NCOVID clips/10.23.33 hrs __0002118/10_25.jpg,1,1,NCOVID
79,NCOVID clips/10.23.33 hrs __0002118/10_26.jpg,1,1,NCOVID
80,NCOVID clips/10.23.33 hrs __0002118/10_27.jpg,1,1,NCOVID
81,NCOVID clips/10.23.33 hrs __0002118/10_28.jpg,1,1,NCOVID
82,NCOVID clips/10.23.33 hrs __0002118/10_29.jpg,1,1,NCOVID
83,NCOVID clips/10.23.33 hrs __0002118/10_3.jpg,1,1,NCOVID
84,NCOVID clips/10.23.33 hrs __0002118/10_30.jpg,1,1,NCOVID
85,NCOVID clips/10.23.33 hrs __0002118/10_31.jpg,1,1,NCOVID
86,NCOVID clips/10.23.33 hrs __0002118/10_32.jpg,1,1,NCOVID
87,NCOVID clips/10.23.33 hrs __0002118/10_33.jpg,1,1,NCOVID
88,NCOVID clips/10.23.33 hrs __0002118/10_34.jpg,1,1,NCOVID
89,NCOVID clips/10.23.33 hrs __0002118/10_35.jpg,1,1,NCOVID
90,NCOVID clips/10.23.33 hrs __0002118/10_36.jpg,1,1,NCOVID
91,NCOVID clips/10.23.33 hrs __0002118/10_37.jpg,1,1,NCOVID
92,NCOVID clips/10.23.33 hrs __0002118/10_38.jpg,1,1,NCOVID
93,NCOVID clips/10.23.33 hrs __0002118/10_39.jpg,1,1,NCOVID
94,NCOVID clips/10.23.33 hrs __0002118/10_4.jpg,1,1,NCOVID
95,NCOVID clips/10.23.33 hrs __0002118/10_40.jpg,1,1,NCOVID
96,NCOVID clips/10.23.33 hrs __0002118/10_41.jpg,1,1,NCOVID
97,NCOVID clips/10.23.33 hrs __0002118/10_42.jpg,1,1,NCOVID
98,NCOVID clips/10.23.33 hrs __0002118/10_43.jpg,1,1,NCOVID
99,NCOVID clips/10.23.33 hrs __0002118/10_44.jpg,1,1,NCOVID
100,NCOVID clips/10.23.33 hrs __0002118/10_45.jpg,1,1,NCOVID
101,NCOVID clips/10.23.33 hrs __0002118/10_46.jpg,1,1,NCOVID
102,NCOVID clips/10.23.33 hrs __0002118/10_47.jpg,1,1,NCOVID
103,NCOVID clips/10.23.33 hrs __0002118/10_48.jpg,1,1,NCOVID
104,NCOVID clips/10.23.33 hrs __0002118/10_49.jpg,1,1,NCOVID
105,NCOVID clips/10.23.33 hrs __0002118/10_5.jpg,1,1,NCOVID
106,NCOVID clips/10.23.33 hrs __0002118/10_50.jpg,1,1,NCOVID
107,NCOVID clips/10.23.33 hrs __0002118/10_51.jpg,1,1,NCOVID
108,NCOVID clips/10.23.33 hrs __0002118/10_52.jpg,1,1,NCOVID
109,NCOVID clips/10.23.33 hrs __0002118/10_53.jpg,1,1,NCOVID
110,NCOVID clips/10.23.33 hrs __0002118/10_54.jpg,1,1,NCOVID
111,NCOVID clips/10.23.33 hrs __0002118/10_55.jpg,1,1,NCOVID
112,NCOVID clips/10.23.33 hrs __0002118/10_56.jpg,1,1,NCOVID
113,NCOVID clips/10.23.33 hrs __0002118/10_57.jpg,1,1,NCOVID
114,NCOVID clips/10.23.33 hrs __0002118/10_58.jpg,1,1,NCOVID
115,NCOVID clips/10.23.33 hrs __0002118/10_59.jpg,1,1,NCOVID
116,NCOVID clips/10.23.33 hrs __0002118/10_6.jpg,1,1,NCOVID
117,NCOVID clips/10.23.33 hrs __0002118/10_7.jpg,1,1,NCOVID
118,NCOVID clips/10.23.33 hrs __0002118/10_8.jpg,1,1,NCOVID
119,NCOVID clips/10.23.33 hrs __0002118/10_9.jpg,1,1,NCOVID
120,NCOVID clips/10.23.39 hrs __0002119/10_0.jpg,2,1,NCOVID
121,NCOVID clips/10.23.39 hrs __0002119/10_1.jpg,2,1,NCOVID
122,NCOVID clips/10.23.39 hrs __0002119/10_10.jpg,2,1,NCOVID
123,NCOVID clips/10.23.39 hrs __0002119/10_11.jpg,2,1,NCOVID
124,NCOVID clips/10.23.39 hrs __0002119/10_12.jpg,2,1,NCOVID
125,NCOVID clips/10.23.39 hrs __0002119/10_13.jpg,2,1,NCOVID
126,NCOVID clips/10.23.39 hrs __0002119/10_14.jpg,2,1,NCOVID
127,NCOVID clips/10.23.39 hrs __0002119/10_15.jpg,2,1,NCOVID
128,NCOVID clips/10.23.39 hrs __0002119/10_16.jpg,2,1,NCOVID
129,NCOVID clips/10.23.39 hrs __0002119/10_17.jpg,2,1,NCOVID
130,NCOVID clips/10.23.39 hrs __0002119/10_18.jpg,2,1,NCOVID
131,NCOVID clips/10.23.39 hrs __0002119/10_19.jpg,2,1,NCOVID
132,NCOVID clips/10.23.39 hrs __0002119/10_2.jpg,2,1,NCOVID
133,NCOVID clips/10.23.39 hrs __0002119/10_20.jpg,2,1,NCOVID
134,NCOVID clips/10.23.39 hrs __0002119/10_21.jpg,2,1,NCOVID
135,NCOVID clips/10.23.39 hrs __0002119/10_22.jpg,2,1,NCOVID
136,NCOVID clips/10.23.39 hrs __0002119/10_23.jpg,2,1,NCOVID
137,NCOVID clips/10.23.39 hrs __0002119/10_24.jpg,2,1,NCOVID
138,NCOVID clips/10.23.39 hrs __0002119/10_25.jpg,2,1,NCOVID
139,NCOVID clips/10.23.39 hrs __0002119/10_26.jpg,2,1,NCOVID
140,NCOVID clips/10.23.39 hrs __0002119/10_27.jpg,2,1,NCOVID
141,NCOVID clips/10.23.39 hrs __0002119/10_28.jpg,2,1,NCOVID
142,NCOVID clips/10.23.39 hrs __0002119/10_29.jpg,2,1,NCOVID
143,NCOVID clips/10.23.39 hrs __0002119/10_3.jpg,2,1,NCOVID
144,NCOVID clips/10.23.39 hrs __0002119/10_30.jpg,2,1,NCOVID
145,NCOVID clips/10.23.39 hrs __0002119/10_31.jpg,2,1,NCOVID
146,NCOVID clips/10.23.39 hrs __0002119/10_32.jpg,2,1,NCOVID
147,NCOVID clips/10.23.39 hrs __0002119/10_33.jpg,2,1,NCOVID
148,NCOVID clips/10.23.39 hrs __0002119/10_34.jpg,2,1,NCOVID
149,NCOVID clips/10.23.39 hrs __0002119/10_35.jpg,2,1,NCOVID
150,NCOVID clips/10.23.39 hrs __0002119/10_36.jpg,2,1,NCOVID
151,NCOVID clips/10.23.39 hrs __0002119/10_37.jpg,2,1,NCOVID
152,NCOVID clips/10.23.39 hrs __0002119/10_38.jpg,2,1,NCOVID
153,NCOVID clips/10.23.39 hrs __0002119/10_39.jpg,2,1,NCOVID
154,NCOVID clips/10.23.39 hrs __0002119/10_4.jpg,2,1,NCOVID
155,NCOVID clips/10.23.39 hrs __0002119/10_40.jpg,2,1,NCOVID
156,NCOVID clips/10.23.39 hrs __0002119/10_41.jpg,2,1,NCOVID
157,NCOVID clips/10.23.39 hrs __0002119/10_42.jpg,2,1,NCOVID
158,NCOVID clips/10.23.39 hrs __0002119/10_43.jpg,2,1,NCOVID
159,NCOVID clips/10.23.39 hrs __0002119/10_44.jpg,2,1,NCOVID
160,NCOVID clips/10.23.39 hrs __0002119/10_45.jpg,2,1,NCOVID
161,NCOVID clips/10.23.39 hrs __0002119/10_46.jpg,2,1,NCOVID
162,NCOVID clips/10.23.39 hrs __0002119/10_47.jpg,2,1,NCOVID
163,NCOVID clips/10.23.39 hrs __0002119/10_48.jpg,2,1,NCOVID
164,NCOVID clips/10.23.39 hrs __0002119/10_49.jpg,2,1,NCOVID
165,NCOVID clips/10.23.39 hrs __0002119/10_5.jpg,2,1,NCOVID
166,NCOVID clips/10.23.39 hrs __0002119/10_50.jpg,2,1,NCOVID
167,NCOVID clips/10.23.39 hrs __0002119/10_51.jpg,2,1,NCOVID
168,NCOVID clips/10.23.39 hrs __0002119/10_52.jpg,2,1,NCOVID
169,NCOVID clips/10.23.39 hrs __0002119/10_53.jpg,2,1,NCOVID
170,NCOVID clips/10.23.39 hrs __0002119/10_54.jpg,2,1,NCOVID
171,NCOVID clips/10.23.39 hrs __0002119/10_55.jpg,2,1,NCOVID
172,NCOVID clips/10.23.39 hrs __0002119/10_56.jpg,2,1,NCOVID
173,NCOVID clips/10.23.39 hrs __0002119/10_57.jpg,2,1,NCOVID
174,NCOVID clips/10.23.39 hrs __0002119/10_58.jpg,2,1,NCOVID
175,NCOVID clips/10.23.39 hrs __0002119/10_59.jpg,2,1,NCOVID
176,NCOVID clips/10.23.39 hrs __0002119/10_6.jpg,2,1,NCOVID
177,NCOVID clips/10.23.39 hrs __0002119/10_7.jpg,2,1,NCOVID
178,NCOVID clips/10.23.39 hrs __0002119/10_8.jpg,2,1,NCOVID
179,NCOVID clips/10.23.39 hrs __0002119/10_9.jpg,2,1,NCOVID
180,NCOVID clips/10.23.48 hrs __0002120/10_0.jpg,3,1,NCOVID
181,NCOVID clips/10.23.48 hrs __0002120/10_1.jpg,3,1,NCOVID
182,NCOVID clips/10.23.48 hrs __0002120/10_10.jpg,3,1,NCOVID
183,NCOVID clips/10.23.48 hrs __0002120/10_11.jpg,3,1,NCOVID
184,NCOVID clips/10.23.48 hrs __0002120/10_12.jpg,3,1,NCOVID
185,NCOVID clips/10.23.48 hrs __0002120/10_13.jpg,3,1,NCOVID
186,NCOVID clips/10.23.48 hrs __0002120/10_14.jpg,3,1,NCOVID
187,NCOVID clips/10.23.48 hrs __0002120/10_15.jpg,3,1,NCOVID
188,NCOVID clips/10.23.48 hrs __0002120/10_16.jpg,3,1,NCOVID
189,NCOVID clips/10.23.48 hrs __0002120/10_17.jpg,3,1,NCOVID
190,NCOVID clips/10.23.48 hrs __0002120/10_18.jpg,3,1,NCOVID
191,NCOVID clips/10.23.48 hrs __0002120/10_19.jpg,3,1,NCOVID
192,NCOVID clips/10.23.48 hrs __0002120/10_2.jpg,3,1,NCOVID
193,NCOVID clips/10.23.48 hrs __0002120/10_20.jpg,3,1,NCOVID
194,NCOVID clips/10.23.48 hrs __0002120/10_21.jpg,3,1,NCOVID
195,NCOVID clips/10.23.48 hrs __0002120/10_22.jpg,3,1,NCOVID
196,NCOVID clips/10.23.48 hrs __0002120/10_23.jpg,3,1,NCOVID
197,NCOVID clips/10.23.48 hrs __0002120/10_24.jpg,3,1,NCOVID
198,NCOVID clips/10.23.48 hrs __0002120/10_25.jpg,3,1,NCOVID
199,NCOVID clips/10.23.48 hrs __0002120/10_26.jpg,3,1,NCOVID
200,NCOVID clips/10.23.48 hrs __0002120/10_27.jpg,3,1,NCOVID
201,NCOVID clips/10.23.48 hrs __0002120/10_28.jpg,3,1,NCOVID
202,NCOVID clips/10.23.48 hrs __0002120/10_29.jpg,3,1,NCOVID
203,NCOVID clips/10.23.48 hrs __0002120/10_3.jpg,3,1,NCOVID
204,NCOVID clips/10.23.48 hrs __0002120/10_30.jpg,3,1,NCOVID
205,NCOVID clips/10.23.48 hrs __0002120/10_31.jpg,3,1,NCOVID
206,NCOVID clips/10.23.48 hrs __0002120/10_32.jpg,3,1,NCOVID
207,NCOVID clips/10.23.48 hrs __0002120/10_33.jpg,3,1,NCOVID
208,NCOVID clips/10.23.48 hrs __0002120/10_34.jpg,3,1,NCOVID
209,NCOVID clips/10.23.48 hrs __0002120/10_35.jpg,3,1,NCOVID
210,NCOVID clips/10.23.48 hrs __0002120/10_36.jpg,3,1,NCOVID
211,NCOVID clips/10.23.48 hrs __0002120/10_37.jpg,3,1,NCOVID
212,NCOVID clips/10.23.48 hrs __0002120/10_38.jpg,3,1,NCOVID
213,NCOVID clips/10.23.48 hrs __0002120/10_39.jpg,3,1,NCOVID
214,NCOVID clips/10.23.48 hrs __0002120/10_4.jpg,3,1,NCOVID
215,NCOVID clips/10.23.48 hrs __0002120/10_40.jpg,3,1,NCOVID
216,NCOVID clips/10.23.48 hrs __0002120/10_41.jpg,3,1,NCOVID
217,NCOVID clips/10.23.48 hrs __0002120/10_42.jpg,3,1,NCOVID
218,NCOVID clips/10.23.48 hrs __0002120/10_43.jpg,3,1,NCOVID
219,NCOVID clips/10.23.48 hrs __0002120/10_44.jpg,3,1,NCOVID
220,NCOVID clips/10.23.48 hrs __0002120/10_45.jpg,3,1,NCOVID
221,NCOVID clips/10.23.48 hrs __0002120/10_46.jpg,3,1,NCOVID
222,NCOVID clips/10.23.48 hrs __0002120/10_47.jpg,3,1,NCOVID
223,NCOVID clips/10.23.48 hrs __0002120/10_48.jpg,3,1,NCOVID
224,NCOVID clips/10.23.48 hrs __0002120/10_49.jpg,3,1,NCOVID
225,NCOVID clips/10.23.48 hrs __0002120/10_5.jpg,3,1,NCOVID
226,NCOVID clips/10.23.48 hrs __0002120/10_50.jpg,3,1,NCOVID
227,NCOVID clips/10.23.48 hrs __0002120/10_51.jpg,3,1,NCOVID
228,NCOVID clips/10.23.48 hrs __0002120/10_52.jpg,3,1,NCOVID
229,NCOVID clips/10.23.48 hrs __0002120/10_53.jpg,3,1,NCOVID
230,NCOVID clips/10.23.48 hrs __0002120/10_54.jpg,3,1,NCOVID
231,NCOVID clips/10.23.48 hrs __0002120/10_55.jpg,3,1,NCOVID
232,NCOVID clips/10.23.48 hrs __0002120/10_56.jpg,3,1,NCOVID
233,NCOVID clips/10.23.48 hrs __0002120/10_57.jpg,3,1,NCOVID
234,NCOVID clips/10.23.48 hrs __0002120/10_58.jpg,3,1,NCOVID
235,NCOVID clips/10.23.48 hrs __0002120/10_59.jpg,3,1,NCOVID
236,NCOVID clips/10.23.48 hrs __0002120/10_6.jpg,3,1,NCOVID
237,NCOVID clips/10.23.48 hrs __0002120/10_7.jpg,3,1,NCOVID
238,NCOVID clips/10.23.48 hrs __0002120/10_8.jpg,3,1,NCOVID
239,NCOVID clips/10.23.48 hrs __0002120/10_9.jpg,3,1,NCOVID
240,COVID clips/1.2.840.114340.3.8251017044041.3.20200512.133035.3854.6/1_0.jpg,0,0,COVID
241,COVID clips/1.2.840.114340.3.8251017044041.3.20200512.133035.3854.6/1_1.jpg,0,0,COVID
242,COVID clips/1.2.840.114340.3.8251017044041.3.20200512.133035.3854.6/1_10.jpg,0,0,COVID
243,COVID clips/1.2.840.114340.3.8251017044041.3.20200512.133035.3854.6/1_100.jpg,0,0,COVID
244,COVID clips/1.2.840.114340.3.8251017044041.3.20200512.133035.3854.6/1_101.jpg,0,0,COVID
245,COVID clips/1.2.840.114340.3.8251017044041.3.20200512.133035.3854.6/1_102.jpg,0,0,COVID
246,COVID clips/1.2.840.114340.3.8251017044041.3.20200512.133035.3854.6/1_103.jpg,0,0,COVID
247,COVID clips/1.2.840.114340.3.8251017044041.3.20200512.133035.3854.6/1_104.jpg,0,0,COVID
248,COVID clips/1.2.840.114340.3.8251017044041.3.20200512.133035.3854.6/1_105.jpg,0,0,COVID
249,COVID clips/1.2.840.114340.3.8251017044041.3.20200512.133035.3854.6/1_106.jpg,0,0,COVID
250,COVID clips/1.2.840.114340.3.8251017044041.3.20200512.133035.3854.6/1_107.jpg,0,0,COVID
251,COVID clips/1.2.840.114340.3.8251017044041.3.20200512.133035.3854.6/1_108.jpg,0,0,COVID
252,COVID clips/1.2.840.114340.3.8251017044041.3.20200512.133035.3854.6/1_109.jpg,0,0,COVID
253,COVID clips/1.2.840.114340.3.8251017044041.3.20200512.133035.3854.6/1_11.jpg,0,0,COVID
254,COVID clips/1.2.840.114340.3.8251017044041.3.20200512.133035.3854.6/1_110.jpg,0,0,COVID
255,COVID clips/1.2.840.114340.3.8251017044041.3.20200512.133035.3854.6/1_111.jpg,0,0,COVID
256,COVID clips/1.2.840.114340.3.8251017044041.3.20200512.133035.3854.6/1_112.jpg,0,0,COVID
257,COVID clips/1.2.840.114340.3.8251017044041.3.20200512.133035.3854.6/1_113.jpg,0,0,COVID
258,COVID clips/1.2.840.114340.3.8251017044041.3.20200512.133035.3854.6/1_114.jpg,0,0,COVID
259,COVID clips/1.2.840.114340.3.8251017044041.3.20200512.133035.3854.6/1_115.jpg,0,0,COVID
260,COVID clips/1.2.840.114340.3.8251017044041.3.20200512.133035.3854.6/1_116.jpg,0,0,COVID
261,COVID clips/1.2.840.114340.3.8251017044041.3.20200512.133035.3854.6/1_117.jpg,0,0,COVID
262,COVID clips/1.2.840.114340.3.8251017044041.3.20200512.133035.3854.6/1_118.jpg,0,0,COVID
263,COVID clips/1.2.840.114340.3.8251017044041.3.20200512.133035.3854.6/1_119.jpg,0,0,COVID
264,COVID clips/1.2.840.114340.3.8251017044041.3.20200512.133035.3854.6/1_12.jpg,0,0,COVID
265,COVID clips/1.2.840.114340.3.8251017044041.3.20200512.133035.3854.6/1_13.jpg,0,0,COVID
266,COVID clips/1.2.840.114340.3.8251017044041.3.20200512.133035.3854.6/1_14.jpg,0,0,COVID
267,COVID clips/1.2.840.114340.3.8251017044041.3.20200512.133035.3854.6/1_15.jpg,0,0,COVID
268,COVID clips/1.2.840.114340.3.8251017044041.3.20200512.133035.3854.6/1_16.jpg,0,0,COVID
269,COVID clips/1.2.840.114340.3.8251017044041.3.20200512.133035.3854.6/1_17.jpg,0,0,COVID
270,COVID clips/1.2.840.114340.3.8251017044041.3.20200512.133035.3854.6/1_18.jpg,0,0,COVID
271,COVID clips/1.2.840.114340.3.8251017044041.3.20200512.133035.3854.6/1_19.jpg,0,0,COVID
272,COVID clips/1.2.840.114340.3.8251017044041.3.20200512.133035.3854.6/1_2.jpg,0,0,COVID
273,COVID clips/1.2.840.114340.3.8251017044041.3.20200512.133035.3854.6/1_20.jpg,0,0,COVID
274,COVID clips/1.2.840.114340.3.8251017044041.3.20200512.133035.3854.6/1_21.jpg,0,0,COVID
275,COVID clips/1.2.840.114340.3.8251017044041.3.20200512.133035.3854.6/1_22.jpg,0,0,COVID
276,COVID clips/1.2.840.114340.3.8251017044041.3.20200512.133035.3854.6/1_23.jpg,0,0,COVID
277,COVID clips/1.2.840.114340.3.8251017044041.3.20200512.133035.3854.6/1_24.jpg,0,0,COVID
278,COVID clips/1.2.840.114340.3.8251017044041.3.20200512.133035.3854.6/1_25.jpg,0,0,COVID
279,COVID clips/1.2.840.114340.3.8251017044041.3.20200512.133035.3854.6/1_26.jpg,0,0,COVID
280,COVID clips/1.2.840.114340.3.8251017044041.3.20200512.133035.3854.6/1_27.jpg,0,0,COVID
281,COVID clips/1.2.840.114340.3.8251017044041.3.20200512.133035.3854.6/1_28.jpg,0,0,COVID
282,COVID clips/1.2.840.114340.3.8251017044041.3.20200512.133035.3854.6/1_29.jpg,0,0,COVID
283,COVID clips/1.2.840.114340.3.8251017044041.3.20200512.133035.3854.6/1_3.jpg,0,0,COVID
284,COVID clips/1.2.840.114340.3.8251017044041.3.20200512.133035.3854.6/1_30.jpg,0,0,COVID
285,COVID clips/1.2.840.114340.3.8251017044041.3.20200512.133035.3854.6/1_31.jpg,0,0,COVID
286,COVID clips/1.2.840.114340.3.8251017044041.3.20200512.133035.3854.6/1_32.jpg,0,0,COVID
287,COVID clips/1.2.840.114340.3.8251017044041.3.20200512.133035.3854.6/1_33.jpg,0,0,COVID
288,COVID clips/1.2.840.114340.3.8251017044041.3.20200512.133035.3854.6/1_34.jpg,0,0,COVID
289,COVID clips/1.2.840.114340.3.8251017044041.3.20200512.133035.3854.6/1_35.jpg,0,0,COVID
290,COVID clips/1.2.840.114340.3.8251017044041.3.20200512.133035.3854.6/1_36.jpg,0,0,COVID
291,COVID clips/1.2.840.114340.3.8251017044041.3.20200512.133035.3854.6/1_37.jpg,0,0,COVID
292,COVID clips/1.2.840.114340.3.8251017044041.3.20200512.133035.3854.6/1_38.jpg,0,0,COVID
293,COVID clips/1.2.840.114340.3.8251017044041.3.20200512.133035.3854.6/1_39.jpg,0,0,COVID
294,COVID clips/1.2.840.114340.3.8251017044041.3.20200512.133035.3854.6/1_4.jpg,0,0,COVID
295,COVID clips/1.2.840.114340.3.8251017044041.3.20200512.133035.3854.6/1_40.jpg,0,0,COVID
296,COVID clips/1.2.840.114340.3.8251017044041.3.20200512.133035.3854.6/1_41.jpg,0,0,COVID
297,COVID clips/1.2.840.114340.3.8251017044041.3.20200512.133035.3854.6/1_42.jpg,0,0,COVID
298,COVID clips/1.2.840.114340.3.8251017044041.3.20200512.133035.3854.6/1_43.jpg,0,0,COVID
299,COVID clips/1.2.840.114340.3.8251017044041.3.20200512.133035.3854.6/1_44.jpg,0,0,COVID
300,COVID clips/1.2.840.114340.3.8251017044041.3.20200512.133035.3854.6/1_45.jpg,0,0,COVID
301,COVID clips/1.2.840.114340.3.8251017044041.3.20200512.133035.3854.6/1_46.jpg,0,0,COVID
302,COVID clips/1.2.840.114340.3.8251017044041.3.20200512.133035.3854.6/1_47.jpg,0,0,COVID
303,COVID clips/1.2.840.114340.3.8251017044041.3.20200512.133035.3854.6/1_48.jpg,0,0,COVID
304,COVID clips/1.2.840.114340.3.8251017044041.3.20200512.133035.3854.6/1_49.jpg,0,0,COVID
305,COVID clips/1.2.840.114340.3.8251017044041.3.20200512.133035.3854.6/1_5.jpg,0,0,COVID
306,COVID clips/1.2.840.114340.3.8251017044041.3.20200512.133035.3854.6/1_50.jpg,0,0,COVID
307,COVID clips/1.2.840.114340.3.8251017044041.3.20200512.133035.3854.6/1_51.jpg,0,0,COVID
308,COVID clips/1.2.840.114340.3.8251017044041.3.20200512.133035.3854.6/1_52.jpg,0,0,COVID
309,COVID clips/1.2.840.114340.3.8251017044041.3.20200512.133035.3854.6/1_53.jpg,0,0,COVID
310,COVID clips/1.2.840.114340.3.8251017044041.3.20200512.133035.3854.6/1_54.jpg,0,0,COVID
311,COVID clips/1.2.840.114340.3.8251017044041.3.20200512.133035.3854.6/1_55.jpg,0,0,COVID
312,COVID clips/1.2.840.114340.3.8251017044041.3.20200512.133035.3854.6/1_56.jpg,0,0,COVID
313,COVID clips/1.2.840.114340.3.8251017044041.3.20200512.133035.3854.6/1_57.jpg,0,0,COVID
314,COVID clips/1.2.840.114340.3.8251017044041.3.20200512.133035.3854.6/1_58.jpg,0,0,COVID
315,COVID clips/1.2.840.114340.3.8251017044041.3.20200512.133035.3854.6/1_59.jpg,0,0,COVID
316,COVID clips/1.2.840.114340.3.8251017044041.3.20200512.133035.3854.6/1_6.jpg,0,0,COVID
317,COVID clips/1.2.840.114340.3.8251017044041.3.20200512.133035.3854.6/1_60.jpg,0,0,COVID
318,COVID clips/1.2.840.114340.3.8251017044041.3.20200512.133035.3854.6/1_61.jpg,0,0,COVID
319,COVID clips/1.2.840.114340.3.8251017044041.3.20200512.133035.3854.6/1_62.jpg,0,0,COVID
320,COVID clips/1.2.840.114340.3.8251017044041.3.20200512.133035.3854.6/1_63.jpg,0,0,COVID
321,COVID clips/1.2.840.114340.3.8251017044041.3.20200512.133035.3854.6/1_64.jpg,0,0,COVID
322,COVID clips/1.2.840.114340.3.8251017044041.3.20200512.133035.3854.6/1_65.jpg,0,0,COVID
323,COVID clips/1.2.840.114340.3.8251017044041.3.20200512.133035.3854.6/1_66.jpg,0,0,COVID
324,COVID clips/1.2.840.114340.3.8251017044041.3.20200512.133035.3854.6/1_67.jpg,0,0,COVID
325,COVID clips/1.2.840.114340.3.8251017044041.3.20200512.133035.3854.6/1_68.jpg,0,0,COVID
326,COVID clips/1.2.840.114340.3.8251017044041.3.20200512.133035.3854.6/1_69.jpg,0,0,COVID
327,COVID clips/1.2.840.114340.3.8251017044041.3.20200512.133035.3854.6/1_7.jpg,0,0,COVID
328,COVID clips/1.2.840.114340.3.8251017044041.3.20200512.133035.3854.6/1_70.jpg,0,0,COVID
329,COVID clips/1.2.840.114340.3.8251017044041.3.20200512.133035.3854.6/1_71.jpg,0,0,COVID
330,COVID clips/1.2.840.114340.3.8251017044041.3.20200512.133035.3854.6/1_72.jpg,0,0,COVID
331,COVID clips/1.2.840.114340.3.8251017044041.3.20200512.133035.3854.6/1_73.jpg,0,0,COVID
332,COVID clips/1.2.840.114340.3.8251017044041.3.20200512.133035.3854.6/1_74.jpg,0,0,COVID
333,COVID clips/1.2.840.114340.3.8251017044041.3.20200512.133035.3854.6/1_75.jpg,0,0,COVID
334,COVID clips/1.2.840.114340.3.8251017044041.3.20200512.133035.3854.6/1_76.jpg,0,0,COVID
335,COVID clips/1.2.840.114340.3.8251017044041.3.20200512.133035.3854.6/1_77.jpg,0,0,COVID
336,COVID clips/1.2.840.114340.3.8251017044041.3.20200512.133035.3854.6/1_78.jpg,0,0,COVID
337,COVID clips/1.2.840.114340.3.8251017044041.3.20200512.133035.3854.6/1_79.jpg,0,0,COVID
338,COVID clips/1.2.840.114340.3.8251017044041.3.20200512.133035.3854.6/1_8.jpg,0,0,COVID
339,COVID clips/1.2.840.114340.3.8251017044041.3.20200512.133035.3854.6/1_80.jpg,0,0,COVID
340,COVID clips/1.2.840.114340.3.8251017044041.3.20200512.133035.3854.6/1_81.jpg,0,0,COVID
341,COVID clips/1.2.840.114340.3.8251017044041.3.20200512.133035.3854.6/1_82.jpg,0,0,COVID
342,COVID clips/1.2.840.114340.3.8251017044041.3.20200512.133035.3854.6/1_83.jpg,0,0,COVID
343,COVID clips/1.2.840.114340.3.8251017044041.3.20200512.133035.3854.6/1_84.jpg,0,0,COVID
344,COVID clips/1.2.840.114340.3.8251017044041.3.20200512.133035.3854.6/1_85.jpg,0,0,COVID
345,COVID clips/1.2.840.114340.3.8251017044041.3.20200512.133035.3854.6/1_86.jpg,0,0,COVID
346,COVID clips/1.2.840.114340.3.8251017044041.3.20200512.133035.3854.6/1_87.jpg,0,0,COVID
347,COVID clips/1.2.840.114340.3.8251017044041.3.20200512.133035.3854.6/1_88.jpg,0,0,COVID
348,COVID clips/1.2.840.114340.3.8251017044041.3.20200512.133035.3854.6/1_89.jpg,0,0,COVID
349,COVID clips/1.2.840.114340.3.8251017044041.3.20200512.133035.3854.6/1_9.jpg,0,0,COVID
350,COVID clips/1.2.840.114340.3.8251017044041.3.20200512.133035.3854.6/1_90.jpg,0,0,COVID
351,COVID clips/1.2.840.114340.3.8251017044041.3.20200512.133035.3854.6/1_91.jpg,0,0,COVID
352,COVID clips/1.2.840.114340.3.8251017044041.3.20200512.133035.3854.6/1_92.jpg,0,0,COVID
353,COVID clips/1.2.840.114340.3.8251017044041.3.20200512.133035.3854.6/1_93.jpg,0,0,COVID
354,COVID clips/1.2.840.114340.3.8251017044041.3.20200512.133035.3854.6/1_94.jpg,0,0,COVID
355,COVID clips/1.2.840.114340.3.8251017044041.3.20200512.133035.3854.6/1_95.jpg,0,0,COVID
356,COVID clips/1.2.840.114340.3.8251017044041.3.20200512.133035.3854.6/1_96.jpg,0,0,COVID
357,COVID clips/1.2.840.114340.3.8251017044041.3.20200512.133035.3854.6/1_97.jpg,0,0,COVID
358,COVID clips/1.2.840.114340.3.8251017044041.3.20200512.133035.3854.6/1_98.jpg,0,0,COVID
359,COVID clips/1.2.840.114340.3.8251017044041.3.20200512.133035.3854.6/1_99.jpg,0,0,COVID
360,COVID clips/1.2.840.114340.3.8251050030152.3.20200409.82742.7069.6/1_0.jpg,1,0,COVID
361,COVID clips/1.2.840.114340.3.8251050030152.3.20200409.82742.7069.6/1_1.jpg,1,0,COVID
362,COVID clips/1.2.840.114340.3.8251050030152.3.20200409.82742.7069.6/1_10.jpg,1,0,COVID
363,COVID clips/1.2.840.114340.3.8251050030152.3.20200409.82742.7069.6/1_11.jpg,1,0,COVID
364,COVID clips/1.2.840.114340.3.8251050030152.3.20200409.82742.7069.6/1_12.jpg,1,0,COVID
365,COVID clips/1.2.840.114340.3.8251050030152.3.20200409.82742.7069.6/1_13.jpg,1,0,COVID
366,COVID clips/1.2.840.114340.3.8251050030152.3.20200409.82742.7069.6/1_14.jpg,1,0,COVID
367,COVID clips/1.2.840.114340.3.8251050030152.3.20200409.82742.7069.6/1_15.jpg,1,0,COVID
368,COVID clips/1.2.840.114340.3.8251050030152.3.20200409.82742.7069.6/1_16.jpg,1,0,COVID
369,COVID clips/1.2.840.114340.3.8251050030152.3.20200409.82742.7069.6/1_17.jpg,1,0,COVID
370,COVID clips/1.2.840.114340.3.8251050030152.3.20200409.82742.7069.6/1_18.jpg,1,0,COVID
371,COVID clips/1.2.840.114340.3.8251050030152.3.20200409.82742.7069.6/1_19.jpg,1,0,COVID
372,COVID clips/1.2.840.114340.3.8251050030152.3.20200409.82742.7069.6/1_2.jpg,1,0,COVID
373,COVID clips/1.2.840.114340.3.8251050030152.3.20200409.82742.7069.6/1_20.jpg,1,0,COVID
374,COVID clips/1.2.840.114340.3.8251050030152.3.20200409.82742.7069.6/1_21.jpg,1,0,COVID
375,COVID clips/1.2.840.114340.3.8251050030152.3.20200409.82742.7069.6/1_22.jpg,1,0,COVID
376,COVID clips/1.2.840.114340.3.8251050030152.3.20200409.82742.7069.6/1_23.jpg,1,0,COVID
377,COVID clips/1.2.840.114340.3.8251050030152.3.20200409.82742.7069.6/1_24.jpg,1,0,COVID
378,COVID clips/1.2.840.114340.3.8251050030152.3.20200409.82742.7069.6/1_25.jpg,1,0,COVID
379,COVID clips/1.2.840.114340.3.8251050030152.3.20200409.82742.7069.6/1_26.jpg,1,0,COVID
380,COVID clips/1.2.840.114340.3.8251050030152.3.20200409.82742.7069.6/1_27.jpg,1,0,COVID
381,COVID clips/1.2.840.114340.3.8251050030152.3.20200409.82742.7069.6/1_28.jpg,1,0,COVID
382,COVID clips/1.2.840.114340.3.8251050030152.3.20200409.82742.7069.6/1_29.jpg,1,0,COVID
383,COVID clips/1.2.840.114340.3.8251050030152.3.20200409.82742.7069.6/1_3.jpg,1,0,COVID
384,COVID clips/1.2.840.114340.3.8251050030152.3.20200409.82742.7069.6/1_30.jpg,1,0,COVID
385,COVID clips/1.2.840.114340.3.8251050030152.3.20200409.82742.7069.6/1_31.jpg,1,0,COVID
386,COVID clips/1.2.840.114340.3.8251050030152.3.20200409.82742.7069.6/1_32.jpg,1,0,COVID
387,COVID clips/1.2.840.114340.3.8251050030152.3.20200409.82742.7069.6/1_33.jpg,1,0,COVID
388,COVID clips/1.2.840.114340.3.8251050030152.3.20200409.82742.7069.6/1_34.jpg,1,0,COVID
389,COVID clips/1.2.840.114340.3.8251050030152.3.20200409.82742.7069.6/1_35.jpg,1,0,COVID
390,COVID clips/1.2.840.114340.3.8251050030152.3.20200409.82742.7069.6/1_36.jpg,1,0,COVID
391,COVID clips/1.2.840.114340.3.8251050030152.3.20200409.82742.7069.6/1_37.jpg,1,0,COVID
392,COVID clips/1.2.840.114340.3.8251050030152.3.20200409.82742.7069.6/1_38.jpg,1,0,COVID
393,COVID clips/1.2.840.114340.3.8251050030152.3.20200409.82742.7069.6/1_39.jpg,1,0,COVID
394,COVID clips/1.2.840.114340.3.8251050030152.3.20200409.82742.7069.6/1_4.jpg,1,0,COVID
395,COVID clips/1.2.840.114340.3.8251050030152.3.20200409.82742.7069.6/1_40.jpg,1,0,COVID
396,COVID clips/1.2.840.114340.3.8251050030152.3.20200409.82742.7069.6/1_41.jpg,1,0,COVID
397,COVID clips/1.2.840.114340.3.8251050030152.3.20200409.82742.7069.6/1_42.jpg,1,0,COVID
398,COVID clips/1.2.840.114340.3.8251050030152.3.20200409.82742.7069.6/1_43.jpg,1,0,COVID
399,COVID clips/1.2.840.114340.3.8251050030152.3.20200409.82742.7069.6/1_44.jpg,1,0,COVID
400,COVID clips/1.2.840.114340.3.8251050030152.3.20200409.82742.7069.6/1_45.jpg,1,0,COVID
401,COVID clips/1.2.840.114340.3.8251050030152.3.20200409.82742.7069.6/1_46.jpg,1,0,COVID
402,COVID clips/1.2.840.114340.3.8251050030152.3.20200409.82742.7069.6/1_47.jpg,1,0,COVID
403,COVID clips/1.2.840.114340.3.8251050030152.3.20200409.82742.7069.6/1_48.jpg,1,0,COVID
404,COVID clips/1.2.840.114340.3.8251050030152.3.20200409.82742.7069.6/1_49.jpg,1,0,COVID
405,COVID clips/1.2.840.114340.3.8251050030152.3.20200409.82742.7069.6/1_5.jpg,1,0,COVID
406,COVID clips/1.2.840.114340.3.8251050030152.3.20200409.82742.7069.6/1_50.jpg,1,0,COVID
407,COVID clips/1.2.840.114340.3.8251050030152.3.20200409.82742.7069.6/1_51.jpg,1,0,COVID
408,COVID clips/1.2.840.114340.3.8251050030152.3.20200409.82742.7069.6/1_52.jpg,1,0,COVID
409,COVID clips/1.2.840.114340.3.8251050030152.3.20200409.82742.7069.6/1_53.jpg,1,0,COVID
410,COVID clips/1.2.840.114340.3.8251050030152.3.20200409.82742.7069.6/1_54.jpg,1,0,COVID
411,COVID clips/1.2.840.114340.3.8251050030152.3.20200409.82742.7069.6/1_55.jpg,1,0,COVID
412,COVID clips/1.2.840.114340.3.8251050030152.3.20200409.82742.7069.6/1_56.jpg,1,0,COVID
413,COVID clips/1.2.840.114340.3.8251050030152.3.20200409.82742.7069.6/1_57.jpg,1,0,COVID
414,COVID clips/1.2.840.114340.3.8251050030152.3.20200409.82742.7069.6/1_58.jpg,1,0,COVID
415,COVID clips/1.2.840.114340.3.8251050030152.3.20200409.82742.7069.6/1_59.jpg,1,0,COVID
416,COVID clips/1.2.840.114340.3.8251050030152.3.20200409.82742.7069.6/1_6.jpg,1,0,COVID
417,COVID clips/1.2.840.114340.3.8251050030152.3.20200409.82742.7069.6/1_60.jpg,1,0,COVID
418,COVID clips/1.2.840.114340.3.8251050030152.3.20200409.82742.7069.6/1_61.jpg,1,0,COVID
419,COVID clips/1.2.840.114340.3.8251050030152.3.20200409.82742.7069.6/1_62.jpg,1,0,COVID
420,COVID clips/1.2.840.114340.3.8251050030152.3.20200409.82742.7069.6/1_63.jpg,1,0,COVID
421,COVID clips/1.2.840.114340.3.8251050030152.3.20200409.82742.7069.6/1_64.jpg,1,0,COVID
422,COVID clips/1.2.840.114340.3.8251050030152.3.20200409.82742.7069.6/1_65.jpg,1,0,COVID
423,COVID clips/1.2.840.114340.3.8251050030152.3.20200409.82742.7069.6/1_7.jpg,1,0,COVID
424,COVID clips/1.2.840.114340.3.8251050030152.3.20200409.82742.7069.6/1_8.jpg,1,0,COVID
425,COVID clips/1.2.840.114340.3.8251050030152.3.20200409.82742.7069.6/1_9.jpg,1,0,COVID
426,COVID clips/1.2.840.114340.3.8251050030152.3.20200410.133950.7111.6/1_0.jpg,2,0,COVID
427,COVID clips/1.2.840.114340.3.8251050030152.3.20200410.133950.7111.6/1_1.jpg,2,0,COVID
428,COVID clips/1.2.840.114340.3.8251050030152.3.20200410.133950.7111.6/1_10.jpg,2,0,COVID
429,COVID clips/1.2.840.114340.3.8251050030152.3.20200410.133950.7111.6/1_11.jpg,2,0,COVID
430,COVID clips/1.2.840.114340.3.8251050030152.3.20200410.133950.7111.6/1_12.jpg,2,0,COVID
431,COVID clips/1.2.840.114340.3.8251050030152.3.20200410.133950.7111.6/1_13.jpg,2,0,COVID
432,COVID clips/1.2.840.114340.3.8251050030152.3.20200410.133950.7111.6/1_14.jpg,2,0,COVID
433,COVID clips/1.2.840.114340.3.8251050030152.3.20200410.133950.7111.6/1_15.jpg,2,0,COVID
434,COVID clips/1.2.840.114340.3.8251050030152.3.20200410.133950.7111.6/1_16.jpg,2,0,COVID
435,COVID clips/1.2.840.114340.3.8251050030152.3.20200410.133950.7111.6/1_17.jpg,2,0,COVID
436,COVID clips/1.2.840.114340.3.8251050030152.3.20200410.133950.7111.6/1_18.jpg,2,0,COVID
437,COVID clips/1.2.840.114340.3.8251050030152.3.20200410.133950.7111.6/1_19.jpg,2,0,COVID
438,COVID clips/1.2.840.114340.3.8251050030152.3.20200410.133950.7111.6/1_2.jpg,2,0,COVID
439,COVID clips/1.2.840.114340.3.8251050030152.3.20200410.133950.7111.6/1_20.jpg,2,0,COVID
440,COVID clips/1.2.840.114340.3.8251050030152.3.20200410.133950.7111.6/1_21.jpg,2,0,COVID
441,COVID clips/1.2.840.114340.3.8251050030152.3.20200410.133950.7111.6/1_22.jpg,2,0,COVID
442,COVID clips/1.2.840.114340.3.8251050030152.3.20200410.133950.7111.6/1_23.jpg,2,0,COVID
443,COVID clips/1.2.840.114340.3.8251050030152.3.20200410.133950.7111.6/1_24.jpg,2,0,COVID
444,COVID clips/1.2.840.114340.3.8251050030152.3.20200410.133950.7111.6/1_25.jpg,2,0,COVID
445,COVID clips/1.2.840.114340.3.8251050030152.3.20200410.133950.7111.6/1_26.jpg,2,0,COVID
446,COVID clips/1.2.840.114340.3.8251050030152.3.20200410.133950.7111.6/1_27.jpg,2,0,COVID
447,COVID clips/1.2.840.114340.3.8251050030152.3.20200410.133950.7111.6/1_28.jpg,2,0,COVID
448,COVID clips/1.2.840.114340.3.8251050030152.3.20200410.133950.7111.6/1_29.jpg,2,0,COVID
449,COVID clips/1.2.840.114340.3.8251050030152.3.20200410.133950.7111.6/1_3.jpg,2,0,COVID
450,COVID clips/1.2.840.114340.3.8251050030152.3.20200410.133950.7111.6/1_30.jpg,2,0,COVID
451,COVID clips/1.2.840.114340.3.8251050030152.3.20200410.133950.7111.6/1_31.jpg,2,0,COVID
452,COVID clips/1.2.840.114340.3.8251050030152.3.20200410.133950.7111.6/1_32.jpg,2,0,COVID
453,COVID clips/1.2.840.114340.3.8251050030152.3.20200410.133950.7111.6/1_33.jpg,2,0,COVID
454,COVID clips/1.2.840.114340.3.8251050030152.3.20200410.133950.7111.6/1_34.jpg,2,0,COVID
455,COVID clips/1.2.840.114340.3.8251050030152.3.20200410.133950.7111.6/1_35.jpg,2,0,COVID
456,COVID clips/1.2.840.114340.3.8251050030152.3.20200410.133950.7111.6/1_36.jpg,2,0,COVID
457,COVID clips/1.2.840.114340.3.8251050030152.3.20200410.133950.7111.6/1_37.jpg,2,0,COVID
458,COVID clips/1.2.840.114340.3.8251050030152.3.20200410.133950.7111.6/1_38.jpg,2,0,COVID
459,COVID clips/1.2.840.114340.3.8251050030152.3.20200410.133950.7111.6/1_39.jpg,2,0,COVID
460,COVID clips/1.2.840.114340.3.8251050030152.3.20200410.133950.7111.6/1_4.jpg,2,0,COVID
461,COVID clips/1.2.840.114340.3.8251050030152.3.20200410.133950.7111.6/1_40.jpg,2,0,COVID
462,COVID clips/1.2.840.114340.3.8251050030152.3.20200410.133950.7111.6/1_41.jpg,2,0,COVID
463,COVID clips/1.2.840.114340.3.8251050030152.3.20200410.133950.7111.6/1_42.jpg,2,0,COVID
464,COVID clips/1.2.840.114340.3.8251050030152.3.20200410.133950.7111.6/1_43.jpg,2,0,COVID
465,COVID clips/1.2.840.114340.3.8251050030152.3.20200410.133950.7111.6/1_44.jpg,2,0,COVID
466,COVID clips/1.2.840.114340.3.8251050030152.3.20200410.133950.7111.6/1_45.jpg,2,0,COVID
467,COVID clips/1.2.840.114340.3.8251050030152.3.20200410.133950.7111.6/1_46.jpg,2,0,COVID
468,COVID clips/1.2.840.114340.3.8251050030152.3.20200410.133950.7111.6/1_47.jpg,2,0,COVID
469,COVID clips/1.2.840.114340.3.8251050030152.3.20200410.133950.7111.6/1_48.jpg,2,0,COVID
470,COVID clips/1.2.840.114340.3.8251050030152.3.20200410.133950.7111.6/1_49.jpg,2,0,COVID
471,COVID clips/1.2.840.114340.3.8251050030152.3.20200410.133950.7111.6/1_5.jpg,2,0,COVID
472,COVID clips/1.2.840.114340.3.8251050030152.3.20200410.133950.7111.6/1_50.jpg,2,0,COVID
473,COVID clips/1.2.840.114340.3.8251050030152.3.20200410.133950.7111.6/1_51.jpg,2,0,COVID
474,COVID clips/1.2.840.114340.3.8251050030152.3.20200410.133950.7111.6/1_52.jpg,2,0,COVID
475,COVID clips/1.2.840.114340.3.8251050030152.3.20200410.133950.7111.6/1_53.jpg,2,0,COVID
476,COVID clips/1.2.840.114340.3.8251050030152.3.20200410.133950.7111.6/1_54.jpg,2,0,COVID
477,COVID clips/1.2.840.114340.3.8251050030152.3.20200410.133950.7111.6/1_55.jpg,2,0,COVID
478,COVID clips/1.2.840.114340.3.8251050030152.3.20200410.133950.7111.6/1_56.jpg,2,0,COVID
479,COVID clips/1.2.840.114340.3.8251050030152.3.20200410.133950.7111.6/1_57.jpg,2,0,COVID
480,COVID clips/1.2.840.114340.3.8251050030152.3.20200410.133950.7111.6/1_58.jpg,2,0,COVID
481,COVID clips/1.2.840.114340.3.8251050030152.3.20200410.133950.7111.6/1_59.jpg,2,0,COVID
482,COVID clips/1.2.840.114340.3.8251050030152.3.20200410.133950.7111.6/1_6.jpg,2,0,COVID
483,COVID clips/1.2.840.114340.3.8251050030152.3.20200410.133950.7111.6/1_60.jpg,2,0,COVID
484,COVID clips/1.2.840.114340.3.8251050030152.3.20200410.133950.7111.6/1_61.jpg,2,0,COVID
485,COVID clips/1.2.840.114340.3.8251050030152.3.20200410.133950.7111.6/1_62.jpg,2,0,COVID
486,COVID clips/1.2.840.114340.3.8251050030152.3.20200410.133950.7111.6/1_63.jpg,2,0,COVID
487,COVID clips/1.2.840.114340.3.8251050030152.3.20200410.133950.7111.6/1_64.jpg,2,0,COVID
488,COVID clips/1.2.840.114340.3.8251050030152.3.20200410.133950.7111.6/1_65.jpg,2,0,COVID
489,COVID clips/1.2.840.114340.3.8251050030152.3.20200410.133950.7111.6/1_66.jpg,2,0,COVID
490,COVID clips/1.2.840.114340.3.8251050030152.3.20200410.133950.7111.6/1_67.jpg,2,0,COVID
491,COVID clips/1.2.840.114340.3.8251050030152.3.20200410.133950.7111.6/1_68.jpg,2,0,COVID
492,COVID clips/1.2.840.114340.3.8251050030152.3.20200410.133950.7111.6/1_69.jpg,2,0,COVID
493,COVID clips/1.2.840.114340.3.8251050030152.3.20200410.133950.7111.6/1_7.jpg,2,0,COVID
494,COVID clips/1.2.840.114340.3.8251050030152.3.20200410.133950.7111.6/1_8.jpg,2,0,COVID
495,COVID clips/1.2.840.114340.3.8251050030152.3.20200410.133950.7111.6/1_9.jpg,2,0,COVID
496,COVID clips/1.2.840.114340.3.8251050030152.3.20200414.100206.7419.6/1_0.jpg,3,0,COVID
497,COVID clips/1.2.840.114340.3.8251050030152.3.20200414.100206.7419.6/1_1.jpg,3,0,COVID
498,COVID clips/1.2.840.114340.3.8251050030152.3.20200414.100206.7419.6/1_10.jpg,3,0,COVID
499,COVID clips/1.2.840.114340.3.8251050030152.3.20200414.100206.7419.6/1_100.jpg,3,0,COVID
500,COVID clips/1.2.840.114340.3.8251050030152.3.20200414.100206.7419.6/1_101.jpg,3,0,COVID
501,COVID clips/1.2.840.114340.3.8251050030152.3.20200414.100206.7419.6/1_102.jpg,3,0,COVID
502,COVID clips/1.2.840.114340.3.8251050030152.3.20200414.100206.7419.6/1_103.jpg,3,0,COVID
503,COVID clips/1.2.840.114340.3.8251050030152.3.20200414.100206.7419.6/1_104.jpg,3,0,COVID
504,COVID clips/1.2.840.114340.3.8251050030152.3.20200414.100206.7419.6/1_105.jpg,3,0,COVID
505,COVID clips/1.2.840.114340.3.8251050030152.3.20200414.100206.7419.6/1_106.jpg,3,0,COVID
506,COVID clips/1.2.840.114340.3.8251050030152.3.20200414.100206.7419.6/1_107.jpg,3,0,COVID
507,COVID clips/1.2.840.114340.3.8251050030152.3.20200414.100206.7419.6/1_108.jpg,3,0,COVID
508,COVID clips/1.2.840.114340.3.8251050030152.3.20200414.100206.7419.6/1_109.jpg,3,0,COVID
509,COVID clips/1.2.840.114340.3.8251050030152.3.20200414.100206.7419.6/1_11.jpg,3,0,COVID
510,COVID clips/1.2.840.114340.3.8251050030152.3.20200414.100206.7419.6/1_110.jpg,3,0,COVID
511,COVID clips/1.2.840.114340.3.8251050030152.3.20200414.100206.7419.6/1_111.jpg,3,0,COVID
512,COVID clips/1.2.840.114340.3.8251050030152.3.20200414.100206.7419.6/1_112.jpg,3,0,COVID
513,COVID clips/1.2.840.114340.3.8251050030152.3.20200414.100206.7419.6/1_113.jpg,3,0,COVID
514,COVID clips/1.2.840.114340.3.8251050030152.3.20200414.100206.7419.6/1_114.jpg,3,0,COVID
515,COVID clips/1.2.840.114340.3.8251050030152.3.20200414.100206.7419.6/1_115.jpg,3,0,COVID
516,COVID clips/1.2.840.114340.3.8251050030152.3.20200414.100206.7419.6/1_116.jpg,3,0,COVID
517,COVID clips/1.2.840.114340.3.8251050030152.3.20200414.100206.7419.6/1_117.jpg,3,0,COVID
518,COVID clips/1.2.840.114340.3.8251050030152.3.20200414.100206.7419.6/1_118.jpg,3,0,COVID
519,COVID clips/1.2.840.114340.3.8251050030152.3.20200414.100206.7419.6/1_119.jpg,3,0,COVID
520,COVID clips/1.2.840.114340.3.8251050030152.3.20200414.100206.7419.6/1_12.jpg,3,0,COVID
521,COVID clips/1.2.840.114340.3.8251050030152.3.20200414.100206.7419.6/1_120.jpg,3,0,COVID
522,COVID clips/1.2.840.114340.3.8251050030152.3.20200414.100206.7419.6/1_121.jpg,3,0,COVID
523,COVID clips/1.2.840.114340.3.8251050030152.3.20200414.100206.7419.6/1_122.jpg,3,0,COVID
524,COVID clips/1.2.840.114340.3.8251050030152.3.20200414.100206.7419.6/1_123.jpg,3,0,COVID
525,COVID clips/1.2.840.114340.3.8251050030152.3.20200414.100206.7419.6/1_124.jpg,3,0,COVID
526,COVID clips/1.2.840.114340.3.8251050030152.3.20200414.100206.7419.6/1_125.jpg,3,0,COVID
527,COVID clips/1.2.840.114340.3.8251050030152.3.20200414.100206.7419.6/1_126.jpg,3,0,COVID
528,COVID clips/1.2.840.114340.3.8251050030152.3.20200414.100206.7419.6/1_127.jpg,3,0,COVID
529,COVID clips/1.2.840.114340.3.8251050030152.3.20200414.100206.7419.6/1_128.jpg,3,0,COVID
530,COVID clips/1.2.840.114340.3.8251050030152.3.20200414.100206.7419.6/1_129.jpg,3,0,COVID
531,COVID clips/1.2.840.114340.3.8251050030152.3.20200414.100206.7419.6/1_13.jpg,3,0,COVID
532,COVID clips/1.2.840.114340.3.8251050030152.3.20200414.100206.7419.6/1_130.jpg,3,0,COVID
533,COVID clips/1.2.840.114340.3.8251050030152.3.20200414.100206.7419.6/1_131.jpg,3,0,COVID
534,COVID clips/1.2.840.114340.3.8251050030152.3.20200414.100206.7419.6/1_132.jpg,3,0,COVID
535,COVID clips/1.2.840.114340.3.8251050030152.3.20200414.100206.7419.6/1_133.jpg,3,0,COVID
536,COVID clips/1.2.840.114340.3.8251050030152.3.20200414.100206.7419.6/1_134.jpg,3,0,COVID
537,COVID clips/1.2.840.114340.3.8251050030152.3.20200414.100206.7419.6/1_135.jpg,3,0,COVID
538,COVID clips/1.2.840.114340.3.8251050030152.3.20200414.100206.7419.6/1_136.jpg,3,0,COVID
539,COVID clips/1.2.840.114340.3.8251050030152.3.20200414.100206.7419.6/1_137.jpg,3,0,COVID
540,COVID clips/1.2.840.114340.3.8251050030152.3.20200414.100206.7419.6/1_138.jpg,3,0,COVID
541,COVID clips/1.2.840.114340.3.8251050030152.3.20200414.100206.7419.6/1_139.jpg,3,0,COVID
542,COVID clips/1.2.840.114340.3.8251050030152.3.20200414.100206.7419.6/1_14.jpg,3,0,COVID
543,COVID clips/1.2.840.114340.3.8251050030152.3.20200414.100206.7419.6/1_140.jpg,3,0,COVID
544,COVID clips/1.2.840.114340.3.8251050030152.3.20200414.100206.7419.6/1_15.jpg,3,0,COVID
545,COVID clips/1.2.840.114340.3.8251050030152.3.20200414.100206.7419.6/1_16.jpg,3,0,COVID
546,COVID clips/1.2.840.114340.3.8251050030152.3.20200414.100206.7419.6/1_17.jpg,3,0,COVID
547,COVID clips/1.2.840.114340.3.8251050030152.3.20200414.100206.7419.6/1_18.jpg,3,0,COVID
548,COVID clips/1.2.840.114340.3.8251050030152.3.20200414.100206.7419.6/1_19.jpg,3,0,COVID
549,COVID clips/1.2.840.114340.3.8251050030152.3.20200414.100206.7419.6/1_2.jpg,3,0,COVID
550,COVID clips/1.2.840.114340.3.8251050030152.3.20200414.100206.7419.6/1_20.jpg,3,0,COVID
551,COVID clips/1.2.840.114340.3.8251050030152.3.20200414.100206.7419.6/1_21.jpg,3,0,COVID
552,COVID clips/1.2.840.114340.3.8251050030152.3.20200414.100206.7419.6/1_22.jpg,3,0,COVID
553,COVID clips/1.2.840.114340.3.8251050030152.3.20200414.100206.7419.6/1_23.jpg,3,0,COVID
554,COVID clips/1.2.840.114340.3.8251050030152.3.20200414.100206.7419.6/1_24.jpg,3,0,COVID
555,COVID clips/1.2.840.114340.3.8251050030152.3.20200414.100206.7419.6/1_25.jpg,3,0,COVID
556,COVID clips/1.2.840.114340.3.8251050030152.3.20200414.100206.7419.6/1_26.jpg,3,0,COVID
557,COVID clips/1.2.840.114340.3.8251050030152.3.20200414.100206.7419.6/1_27.jpg,3,0,COVID
558,COVID clips/1.2.840.114340.3.8251050030152.3.20200414.100206.7419.6/1_28.jpg,3,0,COVID
559,COVID clips/1.2.840.114340.3.8251050030152.3.20200414.100206.7419.6/1_29.jpg,3,0,COVID
560,COVID clips/1.2.840.114340.3.8251050030152.3.20200414.100206.7419.6/1_3.jpg,3,0,COVID
561,COVID clips/1.2.840.114340.3.8251050030152.3.20200414.100206.7419.6/1_30.jpg,3,0,COVID
562,COVID clips/1.2.840.114340.3.8251050030152.3.20200414.100206.7419.6/1_31.jpg,3,0,COVID
563,COVID clips/1.2.840.114340.3.8251050030152.3.20200414.100206.7419.6/1_32.jpg,3,0,COVID
564,COVID clips/1.2.840.114340.3.8251050030152.3.20200414.100206.7419.6/1_33.jpg,3,0,COVID
565,COVID clips/1.2.840.114340.3.8251050030152.3.20200414.100206.7419.6/1_34.jpg,3,0,COVID
566,COVID clips/1.2.840.114340.3.8251050030152.3.20200414.100206.7419.6/1_35.jpg,3,0,COVID
567,COVID clips/1.2.840.114340.3.8251050030152.3.20200414.100206.7419.6/1_36.jpg,3,0,COVID
568,COVID clips/1.2.840.114340.3.8251050030152.3.20200414.100206.7419.6/1_37.jpg,3,0,COVID
569,COVID clips/1.2.840.114340.3.8251050030152.3.20200414.100206.7419.6/1_38.jpg,3,0,COVID
570,COVID clips/1.2.840.114340.3.8251050030152.3.20200414.100206.7419.6/1_39.jpg,3,0,COVID
571,COVID clips/1.2.840.114340.3.8251050030152.3.20200414.100206.7419.6/1_4.jpg,3,0,COVID
572,COVID clips/1.2.840.114340.3.8251050030152.3.20200414.100206.7419.6/1_40.jpg,3,0,COVID
573,COVID clips/1.2.840.114340.3.8251050030152.3.20200414.100206.7419.6/1_41.jpg,3,0,COVID
574,COVID clips/1.2.840.114340.3.8251050030152.3.20200414.100206.7419.6/1_42.jpg,3,0,COVID
575,COVID clips/1.2.840.114340.3.8251050030152.3.20200414.100206.7419.6/1_43.jpg,3,0,COVID
576,COVID clips/1.2.840.114340.3.8251050030152.3.20200414.100206.7419.6/1_44.jpg,3,0,COVID
577,COVID clips/1.2.840.114340.3.8251050030152.3.20200414.100206.7419.6/1_45.jpg,3,0,COVID
578,COVID clips/1.2.840.114340.3.8251050030152.3.20200414.100206.7419.6/1_46.jpg,3,0,COVID
579,COVID clips/1.2.840.114340.3.8251050030152.3.20200414.100206.7419.6/1_47.jpg,3,0,COVID
580,COVID clips/1.2.840.114340.3.8251050030152.3.20200414.100206.7419.6/1_48.jpg,3,0,COVID
581,COVID clips/1.2.840.114340.3.8251050030152.3.20200414.100206.7419.6/1_49.jpg,3,0,COVID
582,COVID clips/1.2.840.114340.3.8251050030152.3.20200414.100206.7419.6/1_5.jpg,3,0,COVID
583,COVID clips/1.2.840.114340.3.8251050030152.3.20200414.100206.7419.6/1_50.jpg,3,0,COVID
584,COVID clips/1.2.840.114340.3.8251050030152.3.20200414.100206.7419.6/1_51.jpg,3,0,COVID
585,COVID clips/1.2.840.114340.3.8251050030152.3.20200414.100206.7419.6/1_52.jpg,3,0,COVID
586,COVID clips/1.2.840.114340.3.8251050030152.3.20200414.100206.7419.6/1_53.jpg,3,0,COVID
587,COVID clips/1.2.840.114340.3.8251050030152.3.20200414.100206.7419.6/1_54.jpg,3,0,COVID
588,COVID clips/1.2.840.114340.3.8251050030152.3.20200414.100206.7419.6/1_55.jpg,3,0,COVID
589,COVID clips/1.2.840.114340.3.8251050030152.3.20200414.100206.7419.6/1_56.jpg,3,0,COVID
590,COVID clips/1.2.840.114340.3.8251050030152.3.20200414.100206.7419.6/1_57.jpg,3,0,COVID
591,COVID clips/1.2.840.114340.3.8251050030152.3.20200414.100206.7419.6/1_58.jpg,3,0,COVID
592,COVID clips/1.2.840.114340.3.8251050030152.3.20200414.100206.7419.6/1_59.jpg,3,0,COVID
593,COVID clips/1.2.840.114340.3.8251050030152.3.20200414.100206.7419.6/1_6.jpg,3,0,COVID
594,COVID clips/1.2.840.114340.3.8251050030152.3.20200414.100206.7419.6/1_60.jpg,3,0,COVID
595,COVID clips/1.2.840.114340.3.8251050030152.3.20200414.100206.7419.6/1_61.jpg,3,0,COVID
596,COVID clips/1.2.840.114340.3.8251050030152.3.20200414.100206.7419.6/1_62.jpg,3,0,COVID
597,COVID clips/1.2.840.114340.3.8251050030152.3.20200414.100206.7419.6/1_63.jpg,3,0,COVID
598,COVID clips/1.2.840.114340.3.8251050030152.3.20200414.100206.7419.6/1_64.jpg,3,0,COVID
599,COVID clips/1.2.840.114340.3.8251050030152.3.20200414.100206.7419.6/1_65.jpg,3,0,COVID
600,COVID clips/1.2.840.114340.3.8251050030152.3.20200414.100206.7419.6/1_66.jpg,3,0,COVID
601,COVID clips/1.2.840.114340.3.8251050030152.3.20200414.100206.7419.6/1_67.jpg,3,0,COVID
602,COVID clips/1.2.840.114340.3.8251050030152.3.20200414.100206.7419.6/1_68.jpg,3,0,COVID
603,COVID clips/1.2.840.114340.3.8251050030152.3.20200414.100206.7419.6/1_69.jpg,3,0,COVID
604,COVID clips/1.2.840.114340.3.8251050030152.3.20200414.100206.7419.6/1_7.jpg,3,0,COVID
605,COVID clips/1.2.840.114340.3.8251050030152.3.20200414.100206.7419.6/1_70.jpg,3,0,COVID
606,COVID clips/1.2.840.114340.3.8251050030152.3.20200414.100206.7419.6/1_71.jpg,3,0,COVID
607,COVID clips/1.2.840.114340.3.8251050030152.3.20200414.100206.7419.6/1_72.jpg,3,0,COVID
608,COVID clips/1.2.840.114340.3.8251050030152.3.20200414.100206.7419.6/1_73.jpg,3,0,COVID
609,COVID clips/1.2.840.114340.3.8251050030152.3.20200414.100206.7419.6/1_74.jpg,3,0,COVID
610,COVID clips/1.2.840.114340.3.8251050030152.3.20200414.100206.7419.6/1_75.jpg,3,0,COVID
611,COVID clips/1.2.840.114340.3.8251050030152.3.20200414.100206.7419.6/1_76.jpg,3,0,COVID
612,COVID clips/1.2.840.114340.3.8251050030152.3.20200414.100206.7419.6/1_77.jpg,3,0,COVID
613,COVID clips/1.2.840.114340.3.8251050030152.3.20200414.100206.7419.6/1_78.jpg,3,0,COVID
614,COVID clips/1.2.840.114340.3.8251050030152.3.20200414.100206.7419.6/1_79.jpg,3,0,COVID
615,COVID clips/1.2.840.114340.3.8251050030152.3.20200414.100206.7419.6/1_8.jpg,3,0,COVID
616,COVID clips/1.2.840.114340.3.8251050030152.3.20200414.100206.7419.6/1_80.jpg,3,0,COVID
617,COVID clips/1.2.840.114340.3.8251050030152.3.20200414.100206.7419.6/1_81.jpg,3,0,COVID
618,COVID clips/1.2.840.114340.3.8251050030152.3.20200414.100206.7419.6/1_82.jpg,3,0,COVID
619,COVID clips/1.2.840.114340.3.8251050030152.3.20200414.100206.7419.6/1_83.jpg,3,0,COVID
620,COVID clips/1.2.840.114340.3.8251050030152.3.20200414.100206.7419.6/1_84.jpg,3,0,COVID
621,COVID clips/1.2.840.114340.3.8251050030152.3.20200414.100206.7419.6/1_85.jpg,3,0,COVID
622,COVID clips/1.2.840.114340.3.8251050030152.3.20200414.100206.7419.6/1_86.jpg,3,0,COVID
623,COVID clips/1.2.840.114340.3.8251050030152.3.20200414.100206.7419.6/1_87.jpg,3,0,COVID
624,COVID clips/1.2.840.114340.3.8251050030152.3.20200414.100206.7419.6/1_88.jpg,3,0,COVID
625,COVID clips/1.2.840.114340.3.8251050030152.3.20200414.100206.7419.6/1_89.jpg,3,0,COVID
626,COVID clips/1.2.840.114340.3.8251050030152.3.20200414.100206.7419.6/1_9.jpg,3,0,COVID
627,COVID clips/1.2.840.114340.3.8251050030152.3.20200414.100206.7419.6/1_90.jpg,3,0,COVID
628,COVID clips/1.2.840.114340.3.8251050030152.3.20200414.100206.7419.6/1_91.jpg,3,0,COVID
629,COVID clips/1.2.840.114340.3.8251050030152.3.20200414.100206.7419.6/1_92.jpg,3,0,COVID
630,COVID clips/1.2.840.114340.3.8251050030152.3.20200414.100206.7419.6/1_93.jpg,3,0,COVID
631,COVID clips/1.2.840.114340.3.8251050030152.3.20200414.100206.7419.6/1_94.jpg,3,0,COVID
632,COVID clips/1.2.840.114340.3.8251050030152.3.20200414.100206.7419.6/1_95.jpg,3,0,COVID
633,COVID clips/1.2.840.114340.3.8251050030152.3.20200414.100206.7419.6/1_96.jpg,3,0,COVID
634,COVID clips/1.2.840.114340.3.8251050030152.3.20200414.100206.7419.6/1_97.jpg,3,0,COVID
635,COVID clips/1.2.840.114340.3.8251050030152.3.20200414.100206.7419.6/1_98.jpg,3,0,COVID
636,COVID clips/1.2.840.114340.3.8251050030152.3.20200414.100206.7419.6/1_99.jpg,3,0,COVID
637,SMOOTH clips/10.30.54 hrs __0002129/10_0.jpg,0,2,SMOOTH
638,SMOOTH clips/10.30.54 hrs __0002129/10_1.jpg,0,2,SMOOTH
639,SMOOTH clips/10.30.54 hrs __0002129/10_10.jpg,0,2,SMOOTH
640,SMOOTH clips/10.30.54 hrs __0002129/10_11.jpg,0,2,SMOOTH
641,SMOOTH clips/10.30.54 hrs __0002129/10_12.jpg,0,2,SMOOTH
642,SMOOTH clips/10.30.54 hrs __0002129/10_13.jpg,0,2,SMOOTH
643,SMOOTH clips/10.30.54 hrs __0002129/10_14.jpg,0,2,SMOOTH
644,SMOOTH clips/10.30.54 hrs __0002129/10_15.jpg,0,2,SMOOTH
645,SMOOTH clips/10.30.54 hrs __0002129/10_16.jpg,0,2,SMOOTH
646,SMOOTH clips/10.30.54 hrs __0002129/10_17.jpg,0,2,SMOOTH
647,SMOOTH clips/10.30.54 hrs __0002129/10_18.jpg,0,2,SMOOTH
648,SMOOTH clips/10.30.54 hrs __0002129/10_19.jpg,0,2,SMOOTH
649,SMOOTH clips/10.30.54 hrs __0002129/10_2.jpg,0,2,SMOOTH
650,SMOOTH clips/10.30.54 hrs __0002129/10_20.jpg,0,2,SMOOTH
651,SMOOTH clips/10.30.54 hrs __0002129/10_21.jpg,0,2,SMOOTH
652,SMOOTH clips/10.30.54 hrs __0002129/10_22.jpg,0,2,SMOOTH
653,SMOOTH clips/10.30.54 hrs __0002129/10_23.jpg,0,2,SMOOTH
654,SMOOTH clips/10.30.54 hrs __0002129/10_24.jpg,0,2,SMOOTH
655,SMOOTH clips/10.30.54 hrs __0002129/10_25.jpg,0,2,SMOOTH
656,SMOOTH clips/10.30.54 hrs __0002129/10_26.jpg,0,2,SMOOTH
657,SMOOTH clips/10.30.54 hrs __0002129/10_27.jpg,0,2,SMOOTH
658,SMOOTH clips/10.30.54 hrs __0002129/10_28.jpg,0,2,SMOOTH
659,SMOOTH clips/10.30.54 hrs __0002129/10_29.jpg,0,2,SMOOTH
660,SMOOTH clips/10.30.54 hrs __0002129/10_3.jpg,0,2,SMOOTH
661,SMOOTH clips/10.30.54 hrs __0002129/10_30.jpg,0,2,SMOOTH
662,SMOOTH clips/10.30.54 hrs __0002129/10_31.jpg,0,2,SMOOTH
663,SMOOTH clips/10.30.54 hrs __0002129/10_32.jpg,0,2,SMOOTH
664,SMOOTH clips/10.30.54 hrs __0002129/10_33.jpg,0,2,SMOOTH
665,SMOOTH clips/10.30.54 hrs __0002129/10_34.jpg,0,2,SMOOTH
666,SMOOTH clips/10.30.54 hrs __0002129/10_35.jpg,0,2,SMOOTH
667,SMOOTH clips/10.30.54 hrs __0002129/10_36.jpg,0,2,SMOOTH
668,SMOOTH clips/10.30.54 hrs __0002129/10_37.jpg,0,2,SMOOTH
669,SMOOTH clips/10.30.54 hrs __0002129/10_38.jpg,0,2,SMOOTH
670,SMOOTH clips/10.30.54 hrs __0002129/10_39.jpg,0,2,SMOOTH
671,SMOOTH clips/10.30.54 hrs __0002129/10_4.jpg,0,2,SMOOTH
672,SMOOTH clips/10.30.54 hrs __0002129/10_40.jpg,0,2,SMOOTH
673,SMOOTH clips/10.30.54 hrs __0002129/10_41.jpg,0,2,SMOOTH
674,SMOOTH clips/10.30.54 hrs __0002129/10_42.jpg,0,2,SMOOTH
675,SMOOTH clips/10.30.54 hrs __0002129/10_43.jpg,0,2,SMOOTH
676,SMOOTH clips/10.30.54 hrs __0002129/10_44.jpg,0,2,SMOOTH
677,SMOOTH clips/10.30.54 hrs __0002129/10_45.jpg,0,2,SMOOTH
678,SMOOTH clips/10.30.54 hrs __0002129/10_46.jpg,0,2,SMOOTH
679,SMOOTH clips/10.30.54 hrs __0002129/10_47.jpg,0,2,SMOOTH
680,SMOOTH clips/10.30.54 hrs __0002129/10_48.jpg,0,2,SMOOTH
681,SMOOTH clips/10.30.54 hrs __0002129/10_49.jpg,0,2,SMOOTH
682,SMOOTH clips/10.30.54 hrs __0002129/10_5.jpg,0,2,SMOOTH
683,SMOOTH clips/10.30.54 hrs __0002129/10_50.jpg,0,2,SMOOTH
684,SMOOTH clips/10.30.54 hrs __0002129/10_51.jpg,0,2,SMOOTH
685,SMOOTH clips/10.30.54 hrs __0002129/10_52.jpg,0,2,SMOOTH
686,SMOOTH clips/10.30.54 hrs __0002129/10_53.jpg,0,2,SMOOTH
687,SMOOTH clips/10.30.54 hrs __0002129/10_54.jpg,0,2,SMOOTH
688,SMOOTH clips/10.30.54 hrs __0002129/10_55.jpg,0,2,SMOOTH
689,SMOOTH clips/10.30.54 hrs __0002129/10_56.jpg,0,2,SMOOTH
690,SMOOTH clips/10.30.54 hrs __0002129/10_57.jpg,0,2,SMOOTH
691,SMOOTH clips/10.30.54 hrs __0002129/10_58.jpg,0,2,SMOOTH
692,SMOOTH clips/10.30.54 hrs __0002129/10_59.jpg,0,2,SMOOTH
693,SMOOTH clips/10.30.54 hrs __0002129/10_6.jpg,0,2,SMOOTH
694,SMOOTH clips/10.30.54 hrs __0002129/10_7.jpg,0,2,SMOOTH
695,SMOOTH clips/10.30.54 hrs __0002129/10_8.jpg,0,2,SMOOTH
696,SMOOTH clips/10.30.54 hrs __0002129/10_9.jpg,0,2,SMOOTH
697,SMOOTH clips/10.31.44 hrs __0002130/10_0.jpg,1,2,SMOOTH
698,SMOOTH clips/10.31.44 hrs __0002130/10_1.jpg,1,2,SMOOTH
699,SMOOTH clips/10.31.44 hrs __0002130/10_10.jpg,1,2,SMOOTH
700,SMOOTH clips/10.31.44 hrs __0002130/10_11.jpg,1,2,SMOOTH
701,SMOOTH clips/10.31.44 hrs __0002130/10_12.jpg,1,2,SMOOTH
702,SMOOTH clips/10.31.44 hrs __0002130/10_13.jpg,1,2,SMOOTH
703,SMOOTH clips/10.31.44 hrs __0002130/10_14.jpg,1,2,SMOOTH
704,SMOOTH clips/10.31.44 hrs __0002130/10_15.jpg,1,2,SMOOTH
705,SMOOTH clips/10.31.44 hrs __0002130/10_16.jpg,1,2,SMOOTH
706,SMOOTH clips/10.31.44 hrs __0002130/10_17.jpg,1,2,SMOOTH
707,SMOOTH clips/10.31.44 hrs __0002130/10_18.jpg,1,2,SMOOTH
708,SMOOTH clips/10.31.44 hrs __0002130/10_19.jpg,1,2,SMOOTH
709,SMOOTH clips/10.31.44 hrs __0002130/10_2.jpg,1,2,SMOOTH
710,SMOOTH clips/10.31.44 hrs __0002130/10_20.jpg,1,2,SMOOTH
711,SMOOTH clips/10.31.44 hrs __0002130/10_21.jpg,1,2,SMOOTH
712,SMOOTH clips/10.31.44 hrs __0002130/10_22.jpg,1,2,SMOOTH
713,SMOOTH clips/10.31.44 hrs __0002130/10_23.jpg,1,2,SMOOTH
714,SMOOTH clips/10.31.44 hrs __0002130/10_24.jpg,1,2,SMOOTH
715,SMOOTH clips/10.31.44 hrs __0002130/10_25.jpg,1,2,SMOOTH
716,SMOOTH clips/10.31.44 hrs __0002130/10_26.jpg,1,2,SMOOTH
717,SMOOTH clips/10.31.44 hrs __0002130/10_27.jpg,1,2,SMOOTH
718,SMOOTH clips/10.31.44 hrs __0002130/10_28.jpg,1,2,SMOOTH
719,SMOOTH clips/10.31.44 hrs __0002130/10_29.jpg,1,2,SMOOTH
720,SMOOTH clips/10.31.44 hrs __0002130/10_3.jpg,1,2,SMOOTH
721,SMOOTH clips/10.31.44 hrs __0002130/10_30.jpg,1,2,SMOOTH
722,SMOOTH clips/10.31.44 hrs __0002130/10_31.jpg,1,2,SMOOTH
723,SMOOTH clips/10.31.44 hrs __0002130/10_32.jpg,1,2,SMOOTH
724,SMOOTH clips/10.31.44 hrs __0002130/10_33.jpg,1,2,SMOOTH
725,SMOOTH clips/10.31.44 hrs __0002130/10_34.jpg,1,2,SMOOTH
726,SMOOTH clips/10.31.44 hrs __0002130/10_35.jpg,1,2,SMOOTH
727,SMOOTH clips/10.31.44 hrs __0002130/10_36.jpg,1,2,SMOOTH
728,SMOOTH clips/10.31.44 hrs __0002130/10_37.jpg,1,2,SMOOTH
729,SMOOTH clips/10.31.44 hrs __0002130/10_38.jpg,1,2,SMOOTH
730,SMOOTH clips/10.31.44 hrs __0002130/10_39.jpg,1,2,SMOOTH
731,SMOOTH clips/10.31.44 hrs __0002130/10_4.jpg,1,2,SMOOTH
732,SMOOTH clips/10.31.44 hrs __0002130/10_40.jpg,1,2,SMOOTH
733,SMOOTH clips/10.31.44 hrs __0002130/10_41.jpg,1,2,SMOOTH
734,SMOOTH clips/10.31.44 hrs __0002130/10_42.jpg,1,2,SMOOTH
735,SMOOTH clips/10.31.44 hrs __0002130/10_43.jpg,1,2,SMOOTH
736,SMOOTH clips/10.31.44 hrs __0002130/10_44.jpg,1,2,SMOOTH
737,SMOOTH clips/10.31.44 hrs __0002130/10_45.jpg,1,2,SMOOTH
738,SMOOTH clips/10.31.44 hrs __0002130/10_46.jpg,1,2,SMOOTH
739,SMOOTH clips/10.31.44 hrs __0002130/10_47.jpg,1,2,SMOOTH
740,SMOOTH clips/10.31.44 hrs __0002130/10_48.jpg,1,2,SMOOTH
741,SMOOTH clips/10.31.44 hrs __0002130/10_49.jpg,1,2,SMOOTH
742,SMOOTH clips/10.31.44 hrs __0002130/10_5.jpg,1,2,SMOOTH
743,SMOOTH clips/10.31.44 hrs __0002130/10_50.jpg,1,2,SMOOTH
744,SMOOTH clips/10.31.44 hrs __0002130/10_51.jpg,1,2,SMOOTH
745,SMOOTH clips/10.31.44 hrs __0002130/10_52.jpg,1,2,SMOOTH
746,SMOOTH clips/10.31.44 hrs __0002130/10_53.jpg,1,2,SMOOTH
747,SMOOTH clips/10.31.44 hrs __0002130/10_54.jpg,1,2,SMOOTH
748,SMOOTH clips/10.31.44 hrs __0002130/10_55.jpg,1,2,SMOOTH
749,SMOOTH clips/10.31.44 hrs __0002130/10_56.jpg,1,2,SMOOTH
750,SMOOTH clips/10.31.44 hrs __0002130/10_57.jpg,1,2,SMOOTH
751,SMOOTH clips/10.31.44 hrs __0002130/10_58.jpg,1,2,SMOOTH
752,SMOOTH clips/10.31.44 hrs __0002130/10_59.jpg,1,2,SMOOTH
753,SMOOTH clips/10.31.44 hrs __0002130/10_6.jpg,1,2,SMOOTH
754,SMOOTH clips/10.31.44 hrs __0002130/10_7.jpg,1,2,SMOOTH
755,SMOOTH clips/10.31.44 hrs __0002130/10_8.jpg,1,2,SMOOTH
756,SMOOTH clips/10.31.44 hrs __0002130/10_9.jpg,1,2,SMOOTH
757,SMOOTH clips/10.31.53 hrs __0002131/10_0.jpg,2,2,SMOOTH
758,SMOOTH clips/10.31.53 hrs __0002131/10_1.jpg,2,2,SMOOTH
759,SMOOTH clips/10.31.53 hrs __0002131/10_10.jpg,2,2,SMOOTH
760,SMOOTH clips/10.31.53 hrs __0002131/10_11.jpg,2,2,SMOOTH
761,SMOOTH clips/10.31.53 hrs __0002131/10_12.jpg,2,2,SMOOTH
762,SMOOTH clips/10.31.53 hrs __0002131/10_13.jpg,2,2,SMOOTH
763,SMOOTH clips/10.31.53 hrs __0002131/10_14.jpg,2,2,SMOOTH
764,SMOOTH clips/10.31.53 hrs __0002131/10_15.jpg,2,2,SMOOTH
765,SMOOTH clips/10.31.53 hrs __0002131/10_16.jpg,2,2,SMOOTH
766,SMOOTH clips/10.31.53 hrs __0002131/10_17.jpg,2,2,SMOOTH
767,SMOOTH clips/10.31.53 hrs __0002131/10_18.jpg,2,2,SMOOTH
768,SMOOTH clips/10.31.53 hrs __0002131/10_19.jpg,2,2,SMOOTH
769,SMOOTH clips/10.31.53 hrs __0002131/10_2.jpg,2,2,SMOOTH
770,SMOOTH clips/10.31.53 hrs __0002131/10_20.jpg,2,2,SMOOTH
771,SMOOTH clips/10.31.53 hrs __0002131/10_21.jpg,2,2,SMOOTH
772,SMOOTH clips/10.31.53 hrs __0002131/10_22.jpg,2,2,SMOOTH
773,SMOOTH clips/10.31.53 hrs __0002131/10_23.jpg,2,2,SMOOTH
774,SMOOTH clips/10.31.53 hrs __0002131/10_24.jpg,2,2,SMOOTH
775,SMOOTH clips/10.31.53 hrs __0002131/10_25.jpg,2,2,SMOOTH
776,SMOOTH clips/10.31.53 hrs __0002131/10_26.jpg,2,2,SMOOTH
777,SMOOTH clips/10.31.53 hrs __0002131/10_27.jpg,2,2,SMOOTH
778,SMOOTH clips/10.31.53 hrs __0002131/10_28.jpg,2,2,SMOOTH
779,SMOOTH clips/10.31.53 hrs __0002131/10_29.jpg,2,2,SMOOTH
780,SMOOTH clips/10.31.53 hrs __0002131/10_3.jpg,2,2,SMOOTH
781,SMOOTH clips/10.31.53 hrs __0002131/10_30.jpg,2,2,SMOOTH
782,SMOOTH clips/10.31.53 hrs __0002131/10_31.jpg,2,2,SMOOTH
783,SMOOTH clips/10.31.53 hrs __0002131/10_32.jpg,2,2,SMOOTH
784,SMOOTH clips/10.31.53 hrs __0002131/10_33.jpg,2,2,SMOOTH
785,SMOOTH clips/10.31.53 hrs __0002131/10_34.jpg,2,2,SMOOTH
786,SMOOTH clips/10.31.53 hrs __0002131/10_35.jpg,2,2,SMOOTH
787,SMOOTH clips/10.31.53 hrs __0002131/10_36.jpg,2,2,SMOOTH
788,SMOOTH clips/10.31.53 hrs __0002131/10_37.jpg,2,2,SMOOTH
789,SMOOTH clips/10.31.53 hrs __0002131/10_38.jpg,2,2,SMOOTH
790,SMOOTH clips/10.31.53 hrs __0002131/10_39.jpg,2,2,SMOOTH
791,SMOOTH clips/10.31.53 hrs __0002131/10_4.jpg,2,2,SMOOTH
792,SMOOTH clips/10.31.53 hrs __0002131/10_40.jpg,2,2,SMOOTH
793,SMOOTH clips/10.31.53 hrs __0002131/10_41.jpg,2,2,SMOOTH
794,SMOOTH clips/10.31.53 hrs __0002131/10_42.jpg,2,2,SMOOTH
795,SMOOTH clips/10.31.53 hrs __0002131/10_43.jpg,2,2,SMOOTH
796,SMOOTH clips/10.31.53 hrs __0002131/10_44.jpg,2,2,SMOOTH
797,SMOOTH clips/10.31.53 hrs __0002131/10_45.jpg,2,2,SMOOTH
798,SMOOTH clips/10.31.53 hrs __0002131/10_46.jpg,2,2,SMOOTH
799,SMOOTH clips/10.31.53 hrs __0002131/10_47.jpg,2,2,SMOOTH
800,SMOOTH clips/10.31.53 hrs __0002131/10_48.jpg,2,2,SMOOTH
801,SMOOTH clips/10.31.53 hrs __0002131/10_49.jpg,2,2,SMOOTH
802,SMOOTH clips/10.31.53 hrs __0002131/10_5.jpg,2,2,SMOOTH
803,SMOOTH clips/10.31.53 hrs __0002131/10_50.jpg,2,2,SMOOTH
804,SMOOTH clips/10.31.53 hrs __0002131/10_51.jpg,2,2,SMOOTH
805,SMOOTH clips/10.31.53 hrs __0002131/10_52.jpg,2,2,SMOOTH
806,SMOOTH clips/10.31.53 hrs __0002131/10_53.jpg,2,2,SMOOTH
807,SMOOTH clips/10.31.53 hrs __0002131/10_54.jpg,2,2,SMOOTH
808,SMOOTH clips/10.31.53 hrs __0002131/10_55.jpg,2,2,SMOOTH
809,SMOOTH clips/10.31.53 hrs __0002131/10_56.jpg,2,2,SMOOTH
810,SMOOTH clips/10.31.53 hrs __0002131/10_57.jpg,2,2,SMOOTH
811,SMOOTH clips/10.31.53 hrs __0002131/10_58.jpg,2,2,SMOOTH
812,SMOOTH clips/10.31.53 hrs __0002131/10_59.jpg,2,2,SMOOTH
813,SMOOTH clips/10.31.53 hrs __0002131/10_6.jpg,2,2,SMOOTH
814,SMOOTH clips/10.31.53 hrs __0002131/10_7.jpg,2,2,SMOOTH
815,SMOOTH clips/10.31.53 hrs __0002131/10_8.jpg,2,2,SMOOTH
816,SMOOTH clips/10.31.53 hrs __0002131/10_9.jpg,2,2,SMOOTH
817,SMOOTH clips/10.31.59 hrs __0002132/10_0.jpg,3,2,SMOOTH
818,SMOOTH clips/10.31.59 hrs __0002132/10_1.jpg,3,2,SMOOTH
819,SMOOTH clips/10.31.59 hrs __0002132/10_10.jpg,3,2,SMOOTH
820,SMOOTH clips/10.31.59 hrs __0002132/10_11.jpg,3,2,SMOOTH
821,SMOOTH clips/10.31.59 hrs __0002132/10_12.jpg,3,2,SMOOTH
822,SMOOTH clips/10.31.59 hrs __0002132/10_13.jpg,3,2,SMOOTH
823,SMOOTH clips/10.31.59 hrs __0002132/10_14.jpg,3,2,SMOOTH
824,SMOOTH clips/10.31.59 hrs __0002132/10_15.jpg,3,2,SMOOTH
825,SMOOTH clips/10.31.59 hrs __0002132/10_16.jpg,3,2,SMOOTH
826,SMOOTH clips/10.31.59 hrs __0002132/10_17.jpg,3,2,SMOOTH
827,SMOOTH clips/10.31.59 hrs __0002132/10_18.jpg,3,2,SMOOTH
828,SMOOTH clips/10.31.59 hrs __0002132/10_19.jpg,3,2,SMOOTH
829,SMOOTH clips/10.31.59 hrs __0002132/10_2.jpg,3,2,SMOOTH
830,SMOOTH clips/10.31.59 hrs __0002132/10_20.jpg,3,2,SMOOTH
831,SMOOTH clips/10.31.59 hrs __0002132/10_21.jpg,3,2,SMOOTH
832,SMOOTH clips/10.31.59 hrs __0002132/10_22.jpg,3,2,SMOOTH
833,SMOOTH clips/10.31.59 hrs __0002132/10_23.jpg,3,2,SMOOTH
834,SMOOTH clips/10.31.59 hrs __0002132/10_24.jpg,3,2,SMOOTH
835,SMOOTH clips/10.31.59 hrs __0002132/10_25.jpg,3,2,SMOOTH
836,SMOOTH clips/10.31.59 hrs __0002132/10_26.jpg,3,2,SMOOTH
837,SMOOTH clips/10.31.59 hrs __0002132/10_27.jpg,3,2,SMOOTH
838,SMOOTH clips/10.31.59 hrs __0002132/10_28.jpg,3,2,SMOOTH
839,SMOOTH clips/10.31.59 hrs __0002132/10_29.jpg,3,2,SMOOTH
840,SMOOTH clips/10.31.59 hrs __0002132/10_3.jpg,3,2,SMOOTH
841,SMOOTH clips/10.31.59 hrs __0002132/10_30.jpg,3,2,SMOOTH
842,SMOOTH clips/10.31.59 hrs __0002132/10_31.jpg,3,2,SMOOTH
843,SMOOTH clips/10.31.59 hrs __0002132/10_32.jpg,3,2,SMOOTH
844,SMOOTH clips/10.31.59 hrs __0002132/10_33.jpg,3,2,SMOOTH
845,SMOOTH clips/10.31.59 hrs __0002132/10_34.jpg,3,2,SMOOTH
846,SMOOTH clips/10.31.59 hrs __0002132/10_35.jpg,3,2,SMOOTH
847,SMOOTH clips/10.31.59 hrs __0002132/10_36.jpg,3,2,SMOOTH
848,SMOOTH clips/10.31.59 hrs __0002132/10_37.jpg,3,2,SMOOTH
849,SMOOTH clips/10.31.59 hrs __0002132/10_38.jpg,3,2,SMOOTH
850,SMOOTH clips/10.31.59 hrs __0002132/10_39.jpg,3,2,SMOOTH
851,SMOOTH clips/10.31.59 hrs __0002132/10_4.jpg,3,2,SMOOTH
852,SMOOTH clips/10.31.59 hrs __0002132/10_40.jpg,3,2,SMOOTH
853,SMOOTH clips/10.31.59 hrs __0002132/10_41.jpg,3,2,SMOOTH
854,SMOOTH clips/10.31.59 hrs __0002132/10_42.jpg,3,2,SMOOTH
855,SMOOTH clips/10.31.59 hrs __0002132/10_43.jpg,3,2,SMOOTH
856,SMOOTH clips/10.31.59 hrs __0002132/10_44.jpg,3,2,SMOOTH
857,SMOOTH clips/10.31.59 hrs __0002132/10_45.jpg,3,2,SMOOTH
858,SMOOTH clips/10.31.59 hrs __0002132/10_46.jpg,3,2,SMOOTH
859,SMOOTH clips/10.31.59 hrs __0002132/10_47.jpg,3,2,SMOOTH
860,SMOOTH clips/10.31.59 hrs __0002132/10_48.jpg,3,2,SMOOTH
861,SMOOTH clips/10.31.59 hrs __0002132/10_49.jpg,3,2,SMOOTH
862,SMOOTH clips/10.31.59 hrs __0002132/10_5.jpg,3,2,SMOOTH
863,SMOOTH clips/10.31.59 hrs __0002132/10_50.jpg,3,2,SMOOTH
864,SMOOTH clips/10.31.59 hrs __0002132/10_51.jpg,3,2,SMOOTH
865,SMOOTH clips/10.31.59 hrs __0002132/10_52.jpg,3,2,SMOOTH
866,SMOOTH clips/10.31.59 hrs __0002132/10_53.jpg,3,2,SMOOTH
867,SMOOTH clips/10.31.59 hrs __0002132/10_54.jpg,3,2,SMOOTH
868,SMOOTH clips/10.31.59 hrs __0002132/10_55.jpg,3,2,SMOOTH
869,SMOOTH clips/10.31.59 hrs __0002132/10_56.jpg,3,2,SMOOTH
870,SMOOTH clips/10.31.59 hrs __0002132/10_57.jpg,3,2,SMOOTH
871,SMOOTH clips/10.31.59 hrs __0002132/10_58.jpg,3,2,SMOOTH
872,SMOOTH clips/10.31.59 hrs __0002132/10_59.jpg,3,2,SMOOTH
873,SMOOTH clips/10.31.59 hrs __0002132/10_6.jpg,3,2,SMOOTH
874,SMOOTH clips/10.31.59 hrs __0002132/10_7.jpg,3,2,SMOOTH
875,SMOOTH clips/10.31.59 hrs __0002132/10_8.jpg,3,2,SMOOTH
876,SMOOTH clips/10.31.59 hrs __0002132/10_9.jpg,3,2,SMOOTH
